Workbook

Sheet Summary
A1: Module | B1: Allocated by | C1: Status | D1: Sheet | E1: Total Test Cases | F1: High Priority | G1: Medium Priority | H1: Low Priority | I1: Automation Candidates (Y) | J1: Total test cases executed | K1: Total test cases Passed | L1: Total test cases Failed | M1: Execution %
A2: Home Page | B2: Sakthi Balaji | C2: Completed | D2: HP - Home Page | E2: =COUNTA('HP - Home Page'!A2:A11) -> 10 | F2: =COUNTIF('HP - Home Page'!I2:I11,"High") -> 5 | G2: =COUNTIF('HP - Home Page'!I2:I11,"Medium") -> 5 | H2: =COUNTIF('HP - Home Page'!I2:I11,"Low") -> 0 | I2: =COUNTIF('HP - Home Page'!L2:L11,"Y") -> 5 | J2: =COUNTA('HP - Home Page'!F2:F11) -> 10 | K2: 9 | L2: 1 | M2: =IF(E2=0,0,J2/E2*100) -> 100
A3: About Us | B3: Siva sri | C3: Completed | D3: AU - About Us | E3: 18 | F3: =COUNTIF('AU - About Us'!I2:I11,"High") -> 4 | G3: =COUNTIF('AU - About Us'!I2:I11,"Medium") -> 5 | H3: =COUNTIF('AU - About Us'!I2:I11,"Low") -> 1 | I3: =COUNTIF('AU - About Us'!L2:L11,"Y") -> 5 | J3: 14 | K3: 11 | L3: 3 | M3: =IF(E3=0,0,J3/E3*100) -> 77.777778
A4: Reports & Accounts | B4: Thiru vikraman | C4: Completed | D4: RA - Reports & Accounts | E4: 21 | F4: =COUNTIF('RA - Reports & Accounts'!I2:I19,"High") -> 9 | G4: =COUNTIF('RA - Reports & Accounts'!I2:I19,"Medium") -> 9 | H4: =COUNTIF('RA - Reports & Accounts'!I2:I19,"Low") -> 0 | I4: =COUNTIF('RA - Reports & Accounts'!L2:L19,"Y") -> 14 | J4: 21 | K4: 9 | L4: 12 | M4: =IF(E4=0,0,J4/E4*100) -> 100
A5: Our Presence | B5: Saraswathi | C5: Completed | D5: OP - Our Presence | E5: =COUNTA('OP - Our Presence'!A2:A11) -> 10 | F5: =COUNTIF('OP - Our Presence'!I2:I11,"High") -> 2 | G5: =COUNTIF('OP - Our Presence'!I2:I11,"Medium") -> 7 | H5: =COUNTIF('OP - Our Presence'!I2:I11,"Low") -> 1 | I5: =COUNTIF('OP - Our Presence'!L2:L11,"Y") -> 4 | J5: =COUNTA('OP - Our Presence'!F2:F11) -> 10 | K5: 9 | L5: 1 | M5: =IF(E5=0,0,J5/E5*100) -> 100
A6: Careers & Engagement | B6: Siva sri | C6: Completed | D6: CE - Careers & Engagement | E6: =COUNTA('CE - Careers & Engagement'!A2:A9) -> 8 | F6: =COUNTIF('CE - Careers & Engagement'!I2:I9,"High") -> 1 | G6: =COUNTIF('CE - Careers & Engagement'!I2:I9,"Medium") -> 6 | H6: =COUNTIF('CE - Careers & Engagement'!I2:I9,"Low") -> 1 | I6: =COUNTIF('CE - Careers & Engagement'!L2:L9,"Y") -> 3 | J6: =COUNTA('CE - Careers & Engagement'!F2:F9) -> 8 | K6: 6 | L6: 2 | M6: =IF(E6=0,0,J6/E6*100) -> 100
A7: Resources & Library | B7: Hannah | C7: Completed | D7: RL - Resources & Library | E7: =COUNTA('RL - Resources & Library'!A2:A9) -> 8 | F7: =COUNTIF('RL - Resources & Library'!I2:I9,"High") -> 2 | G7: =COUNTIF('RL - Resources & Library'!I2:I9,"Medium") -> 4 | H7: =COUNTIF('RL - Resources & Library'!I2:I9,"Low") -> 2 | I7: =COUNTIF('RL - Resources & Library'!L2:L9,"Y") -> 4 | J7: =COUNTA('RL - Resources & Library'!F2:F9) -> 8 | K7: 1 | L7: 7 | M7: =IF(E7=0,0,J7/E7*100) -> 100
A8: State Subsites | B8: Saraswathi | C8: Completed | D8: SS - State Subsites | E8: =COUNTA('SS - State Subsites'!A2:A13) -> 12 | F8: =COUNTIF('SS - State Subsites'!I2:I13,"High") -> 5 | G8: =COUNTIF('SS - State Subsites'!I2:I13,"Medium") -> 7 | H8: =COUNTIF('SS - State Subsites'!I2:I13,"Low") -> 0 | I8: =COUNTIF('SS - State Subsites'!L2:L13,"Y") -> 4 | J8: =COUNTA('SS - State Subsites'!F2:F13) -> 12 | K8: 10 | L8: 2 | M8: =IF(E8=0,0,J8/E8*100) -> 100
A9: Contact Us | B9: gousalya | C9: Completed | D9: CT - Contact | E9: 11 | F9: 5 | G9: 4 | H9: 2 | I9: =COUNTIF('CT - Contact'!L2:L12,"Y") -> 5 | J9: 11 | K9: 1 | L9: 10 | M9: =IF(E9=0,0,J9/E9*100) -> 100
A10: News & events | B10: gousalya | C10: Completed | D10: NM - News & Media | E10: 11 | F10: 5 | G10: 4 | H10: 2 | I10: =COUNTIF('NM - News & Media'!L2:L12,"Y") -> 7 | J10: 8 | K10: 7 | L10: 1 | M10: =IF(E10=0,0,J10/E10*100) -> 72.727273
A11: Global relations | B11: Hannah | C11: Completed | D11: GR - Global Relations | E11: 10 | F11: 4 | G11: 3 | H11: 3 | I11: =COUNTIF('GR - Global Relations'!L2:L11,"Y") -> 5 | J11: 10 | K11: 2 | L11: 8 | M11: =IF(E11=0,0,J11/E11*100) -> 100
A12: UI-UX & Shared Components | B12: Hannah | D12: UX - UI-UX & Shared Components | E12: =COUNTA('UX - UI-UX & Shared Components'!A2:A15) -> 14 | F12: =COUNTIF('UX - UI-UX & Shared Components'!I2:I15,"High") -> 6 | G12: =COUNTIF('UX - UI-UX & Shared Components'!I2:I15,"Medium") -> 7 | H12: =COUNTIF('UX - UI-UX & Shared Components'!I2:I15,"Low") -> 1 | I12: =COUNTIF('UX - UI-UX & Shared Components'!L2:L15,"Y") -> 3 | J12: =COUNTA('UX - UI-UX & Shared Components'!F2:F15) -> 14 | K12: 0 | L12: 0 | M12: =IF(E12=0,0,J12/E12*100) -> 100
A13: Bilingual (i18n) | D13: BL - Bilingual (i18n) | E13: =COUNTA('BL - Bilingual (i18n)'!A2:A11) -> 10 | F13: =COUNTIF('BL - Bilingual (i18n)'!I2:I11,"High") -> 5 | G13: =COUNTIF('BL - Bilingual (i18n)'!I2:I11,"Medium") -> 3 | H13: =COUNTIF('BL - Bilingual (i18n)'!I2:I11,"Low") -> 2 | I13: =COUNTIF('BL - Bilingual (i18n)'!L2:L11,"Y") -> 1 | J13: =COUNTA('BL - Bilingual (i18n)'!F2:F11) -> 10 | K13: 0 | L13: 0 | M13: =IF(E13=0,0,J13/E13*100) -> 100
A14: Admin - Authentication | B14: Sakthi Balaji | C14: Completed | D14: AA - Admin - Authentication | E14: =COUNTA('AA - Admin - Authentication'!A2:A10) -> 9 | F14: =COUNTIF('AA - Admin - Authentication'!I2:I10,"High") -> 5 | G14: =COUNTIF('AA - Admin - Authentication'!I2:I10,"Medium") -> 4 | H14: =COUNTIF('AA - Admin - Authentication'!I2:I10,"Low") -> 0 | I14: =COUNTIF('AA - Admin - Authentication'!L2:L10,"Y") -> 4 | J14: =COUNTA('AA - Admin - Authentication'!F2:F10) -> 9 | K14: 8 | L14: 1 | M14: =IF(E14=0,0,J14/E14*100) -> 100
A15: Admin - Dashboard | B15: No need | D15: AD - Admin - Dashboard | E15: =COUNTA('AD - Admin - Dashboard'!A2:A14) -> 13 | F15: =COUNTIF('AD - Admin - Dashboard'!I2:I14,"High") -> 5 | G15: =COUNTIF('AD - Admin - Dashboard'!I2:I14,"Medium") -> 5 | H15: =COUNTIF('AD - Admin - Dashboard'!I2:I14,"Low") -> 3 | I15: =COUNTIF('AD - Admin - Dashboard'!L2:L14,"Y") -> 2 | J15: =COUNTA('AD - Admin - Dashboard'!F2:F14) -> 13 | K15: 0 | L15: 0 | M15: =IF(E15=0,0,J15/E15*100) -> 100
A16: Admin - CRUD Modules | B16: Saraswathi & sivasri | C16: Completed | D16: AC - Admin - CRUD Modules | E16: =COUNTA('AC - Admin - CRUD Modules'!A2:A16) -> 15 | F16: =COUNTIF('AC - Admin - CRUD Modules'!I2:I16,"High") -> 8 | G16: =COUNTIF('AC - Admin - CRUD Modules'!I2:I16,"Medium") -> 7 | H16: =COUNTIF('AC - Admin - CRUD Modules'!I2:I16,"Low") -> 0 | I16: =COUNTIF('AC - Admin - CRUD Modules'!L2:L16,"Y") -> 7 | J16: =COUNTA('AC - Admin - CRUD Modules'!F2:F16) -> 15 | K16: 3 | L16: 12 | M16: =IF(E16=0,0,J16/E16*100) -> 100
A17: Admin - File Upload | B17: Hannah | C17: Completed | D17: AF - Admin - File Upload | E17: =COUNTA('AF - Admin - File Upload'!A2:A11) -> 10 | F17: =COUNTIF('AF - Admin - File Upload'!I2:I11,"High") -> 4 | G17: =COUNTIF('AF - Admin - File Upload'!I2:I11,"Medium") -> 4 | H17: =COUNTIF('AF - Admin - File Upload'!I2:I11,"Low") -> 2 | I17: =COUNTIF('AF - Admin - File Upload'!L2:L11,"Y") -> 3 | J17: =COUNTA('AF - Admin - File Upload'!F2:F11) -> 10 | K17: 9 | L17: 1 | M17: =IF(E17=0,0,J17/E17*100) -> 100
A18: Admin - Audit Log | B18: Sakthi Balaji | C18: Completed | D18: AL - Admin - Audit Log | E18: =COUNTA('AL - Admin - Audit Log'!A2:A9) -> 8 | F18: =COUNTIF('AL - Admin - Audit Log'!I2:I9,"High") -> 3 | G18: =COUNTIF('AL - Admin - Audit Log'!I2:I9,"Medium") -> 3 | H18: =COUNTIF('AL - Admin - Audit Log'!I2:I9,"Low") -> 2 | I18: =COUNTIF('AL - Admin - Audit Log'!L2:L9,"Y") -> 4 | J18: =COUNTA('AL - Admin - Audit Log'!F2:F9) -> 8 | K18: 7 | L18: 1 | M18: =IF(E18=0,0,J18/E18*100) -> 100
A19: Figma Design Parity | D19: FP - Figma Design Parity | E19: =COUNTA('FP - Figma Design Parity'!A2:A22) -> 21 | F19: =COUNTIF('FP - Figma Design Parity'!I2:I22,"High") -> 5 | G19: =COUNTIF('FP - Figma Design Parity'!I2:I22,"Medium") -> 15 | H19: =COUNTIF('FP - Figma Design Parity'!I2:I22,"Low") -> 1 | I19: =COUNTIF('FP - Figma Design Parity'!L2:L22,"Y") -> 4 | J19: =COUNTA('FP - Figma Design Parity'!F2:F22) -> 21 | K19: 0 | L19: 0 | M19: =IF(E19=0,0,J19/E19*100) -> 100
A20: API Testing | D20: API - API Testing | E20: =COUNTA('API - API Testing'!A2:A21) -> 20 | F20: =COUNTIF('API - API Testing'!I2:I21,"High") -> 8 | G20: =COUNTIF('API - API Testing'!I2:I21,"Medium") -> 11 | H20: =COUNTIF('API - API Testing'!I2:I21,"Low") -> 1 | I20: =COUNTIF('API - API Testing'!L2:L21,"Y") -> 20 | J20: =COUNTA('API - API Testing'!F2:F21) -> 20 | K20: 0 | L20: 0 | M20: =IF(E20=0,0,J20/E20*100) -> 100
A21: Non-Functional | B21: Sakthi Balaji | C21: Completed | D21: NF - Non-Functional | E21: =COUNTA('NF - Non-Functional'!A2:A17) -> 16 | F21: =COUNTIF('NF - Non-Functional'!I2:I17,"High") -> 6 | G21: =COUNTIF('NF - Non-Functional'!I2:I17,"Medium") -> 9 | H21: =COUNTIF('NF - Non-Functional'!I2:I17,"Low") -> 1 | I21: =COUNTIF('NF - Non-Functional'!L2:L17,"Y") -> 4 | J21: =COUNTA('NF - Non-Functional'!F2:F17) -> 16 | K21: 0 | L21: 0 | M21: =IF(E21=0,0,J21/E21*100) -> 100
A22: Office Subsites | B22: Saraswathi | C22: Completed | D22: OS - Office Subsites | E22: =COUNTA('[1]OS - Office Subsites'!A2:A13) -> 12 | F22: =COUNTIF('[1]OS - Office Subsites'!I2:I13,"High") -> #VALUE! | G22: =COUNTIF('[1]OS - Office Subsites'!I2:I13,"Medium") -> #VALUE! | H22: =COUNTIF('[1]OS - Office Subsites'!I2:I13,"Low") -> #VALUE! | I22: =COUNTIF('[1]OS - Office Subsites'!L2:L13,"Y") -> #VALUE! | J22: 12 | K22: 7 | L22: 5 | M22: =IF(E22=0,0,J22/E22*100) -> 100
A23: Defence Subsite | B23: Saraswathi & sivasri | C23: in progress | D23: DS - Defence Subsite | E23: =COUNTA('[1]DS - Defence Subsite'!A2:A17) -> 16 | F23: =COUNTIF('[1]DS - Defence Subsite'!I2:I17,"High") -> #VALUE! | G23: =COUNTIF('[1]DS - Defence Subsite'!I2:I17,"Medium") -> #VALUE! | H23: =COUNTIF('[1]DS - Defence Subsite'!I2:I17,"Low") -> #VALUE! | I23: =COUNTIF('[1]DS - Defence Subsite'!L2:L17,"Y") -> #VALUE! | J23: =COUNTA('[1]DS - Defence Subsite'!F2:F17) -> 0 | K23: 0 | L23: 0 | M23: =IF(E23=0,0,J23/E23*100) -> 0
A24: Training Institute Subsites | B24: Siva sri | C24: Completed | D24: TI - Training Institutes | E24: =COUNTA('[1]TI - Training Institutes'!A2:A10) -> 9 | F24: =COUNTIF('[1]TI - Training Institutes'!I2:I10,"High") -> #VALUE! | G24: =COUNTIF('[1]TI - Training Institutes'!I2:I10,"Medium") -> #VALUE! | H24: =COUNTIF('[1]TI - Training Institutes'!I2:I10,"Low") -> #VALUE! | I24: =COUNTIF('[1]TI - Training Institutes'!L2:L10,"Y") -> #VALUE! | J24: 9 | K24: 1 | L24: 8 | M24: =IF(E24=0,0,J24/E24*100) -> 100
A25: Admin - New Sections | B25: gousalya | C25: in progress | D25: AN - Admin - New Sections | E25: =COUNTA('[1]AN - Admin - New Sections'!A2:A35) -> 34 | F25: =COUNTIF('[1]AN - Admin - New Sections'!I2:I35,"High") -> #VALUE! | G25: =COUNTIF('[1]AN - Admin - New Sections'!I2:I35,"Medium") -> #VALUE! | H25: =COUNTIF('[1]AN - Admin - New Sections'!I2:I35,"Low") -> #VALUE! | I25: =COUNTIF('[1]AN - Admin - New Sections'!L2:L35,"Y") -> #VALUE! | J25: 34 | K25: 10 | L25: 0 | M25: =IF(E25=0,0,J25/E25*100) -> 100
A26: Super Admin | B26: All | C26: Completed | D26: SA-Super Admin | E26: 301 | F26: 0 | G26: 0 | H26: 0 | I26: 0 | J26: 301 | K26: 192 | L26: 54
A27: TOTAL | E27: =SUM(E2:E26) -> 627 | F27: =SUM(F2:F21) -> 97 | G27: =SUM(G2:G21) -> 122 | H27: =SUM(H2:H21) -> 25 | I27: =SUM(I2:I21) -> 108 | J27: =SUM(J2:J26) -> 604 | K27: =SUM(K2:K21) -> 92 | L27: =SUM(L2:L21) -> 62 | M27: =IF(SUM(E2:E21)=0,0,SUM(J2:J21)/SUM(E2:E21)*100) -> 97.254902
A30: Defect Status | B30: No. of Defects
A31: Open | B31: 30
A32: Closed | B32: 22
A33: Ready to Retest | B33: 0
A34: Accepted | B34: 15
A35: Total Defects | B35: 67
A38: Priority Wise Defects | B38: Priority Wise Defects Counts
A39: High | B39: 30
A40: Closed + high | B40: 7
A41: Open + high | B41: 23
A42: Medium | B42: 32
A43: Low | B43: 9

Sheet Defect_summary 
A1: Defect No | B1: Module Name | C1: Defect Summary | D1: URL's | E1: Defect description | F1: Defect Status | G1: Developer Comments | H1: developer status | I1: Priority | J1: Environment | K1: Assigned To dev owner | L1: Tested by | M1: Root cause | N1: Defect creation date | O1: Defect target date | P1: Comments | Q1: Developed By | R1: Screenshot | S1: Defect Status | T1: Defect closed date
A2: D-01 | B2: About Us | C2: PDF download redirects to the main CAG website and displays a 404 error. | D2: http://13.202.245.81:3001/About/About-Us/Audit-Regulation https://cag.gov.in/uploads/media/Regulations-on-Audit-and-Accounts-2020-Gazette-60b73c4d7d91e8-78235251.pdf | E2: No documents are available under Constitutional Provisions and Duties & Powers Act on the new website. Under Audit Regulations, clicking View PDF displays a download option, but clicking Download redirects to cag.gov.in and displays a 404 Not Found | F2: OPEN | G2: closed | I2: High | J2: http://13.202.245.81:3001/ | L2: Sivasri | N2: 24/10/2026 | R2: #VALUE!
A3: D-02 | B3: About Us | C3: First two officers' details are not displaying in the Organisation Chart. | D3: http://13.202.245.81:3001/About/About-Us/Organisation-Chart | E3: When clicking on the first two officers in the Organisation Chart, the details popup opens, but the email, contact number, and reporting officer information are not displaying. | F3: OPEN | G3: second officer details are visible and first officer contact and email not in live site | I3: Medium | J3: http://13.202.245.81:3001/ | L3: Sivasri | N3: 24/10/2026 | R3: #VALUE!
A4: D-03 | B4: About Us | C4: Hindi translation is incomplete; English text is displayed on the Duties & Powers Act and Constitutional Provisions pages. | D4: http://13.202.245.81:3001/About/About-Us/Duties-&-Powers-Act http://13.202.245.81:3001/About/About-Us/Constitutional-Provisions | E4: Hindi translation is incomplete on the Duties & Powers Act and Constitutional Provisions pages; some parts of the content continue to show in English after toggling the language to Hindi. | F4: OPEN | G4: closed | I4: Medium | J4: http://13.202.245.81:3001/ | L4: Sivasri | N4: 24-10-2026 | R4: #VALUE!
A5: D-04 | B5: Careers & Engagement | C5: PDF file names are not translated when switching languages in the Careers & Engagement section. | D5: http://13.202.245.81:3001/Career-Engagement/Tenders-and-Contracts | E5: In all submodules under Careers & Engagement, when switching the language from English to Hindi, the PDF file names are still displayed in English instead of Hindi. | F5: OPEN | G5: closed | I5: Medium | J5: http://13.202.245.81:3001/ | L5: Sivasri | N5: 24-10-2026 | R5: #VALUE!
A6: D-05 | B6: Careers & Engagement | C6: View PDF functionality is not working in multiple submodules under Careers & Engagement. | D6: http://13.http://13.202.245.81:3001/Career-Engagement/Empanelment-of-Retired-Officers http://13.202.245.81:3001/Career-Engagement/CA-Empanelment http://13.202.245.81:3001/Career-Engagement/Research-Associates | E6: The View PDF option is not working in the following submodules: Careers & Engagement → Learning & Opportunities → Research Associates Careers & Engagement → Engagement & Empanelment → CA Empanelment Careers & Engagement → Engagement & Empanelment → Empanelment of Retired Officers as Inquiry Officers | F6: OPEN | G6: closed | I6: Medium | J6: http://13.202.245.81:3001/ | L6: Sivasri | N6: 24-10-2028 | R6: #VALUE!
A7: D-06 | B7: Home Page | C7: Homepage content is not fully translated into Hindi. Some sections/text remain in English after switching to Hindi. | D7: http://13.202.245.81:3000/ | E7: Upon switching the homepage language to Hindi, some homepage content remains displayed in English instead of being fully translated into Hindi. | F7: OPEN | G7: closed | I7: Medium | J7: http://13.202.245.81:3001/ | L7: Sakthi | N7: 25-09-2026 | S7: Closed | T7: 21-10-2026
A8: D-07 | B8: Home Page | C8: Broken links or assets are found on the homepage | D8: http://13.202.245.81:3000/ | E8: While validating the homepage, broken links or assets were identified. Some visible links/resources are returning errors and are not functioning as expected. | F8: OPEN | G8: closed | I8: Medium | J8: http://13.202.245.81:3001/ | L8: Sakthi | N8: 25-09-2026 | P8: #VALUE! | S8: Closed | T8: 21-10-2026
A9: D-08 | B9: Reports | C9: Report Download button opens the PDF in the browser instead of downloading the file | D9: http://13.202.245.81:3000/Reports | E9: When the Download button is clicked for a report with an attached PDF, the PDF is rendered/opened in the browser instead of being downloaded as a file. The expected download functionality is not working. | F9: OPEN | G9: closed | I9: Medium | J9: http://13.202.245.81:3001/ | L9: Sakthi | N9: 25-09-2026
A10: D-09 | B10: Admin-Authentication | C10: Invalid password is not rejected during admin login | D10: http://13.202.245.81:3000/admin/login | E10: When a valid username is entered with an incorrect password, the system does not reject the login attempt as expected and does not display an appropriate invalid-credentials error message. | F10: OPEN | G10: closed | I10: Medium | J10: http://13.202.245.81:3001/ | L10: Sakthi | N10: 25-09-2026
A11: D-10 | B11: Resource and Library | C11: Resource and library ---> Tenders subsite | D11: http://13.202.245.81:3000/Resources | E11: The subsite does not even exists on the site | F11: OPEN | G11: same in live | I11: MEDIUM | J11: http://13.202.245.81:3001/ | L11: HANNAH | N11: 25-09-2026 | R11: Picture
A12: D-11 | B12: Resource and Library | C12: Resource and library ---> Circulars subsite | D12: http://13.202.245.81:3000/Resources | E12: The subpage does not even exists on the site | F12: OPEN | G12: same in live | I12: MEDIUM | J12: http://13.202.245.81:3001/ | L12: HANNAH | N12: 25-09-2026 | R12: #VALUE!
A13: D-12 | B13: Resource and Library | C13: Resource and library ---> Search Bar | D13: http://13.202.245.81:3000/Resources | E13: The search bar does not show the matching documents when searched the page remains the same | F13: OPEN | G13: closed | I13: LOW | J13: http://13.202.245.81:3001/ | L13: HANNAH | N13: 25-09-2026 | R13: #VALUE! | S13: Closed | T13: 21-10-2026
A14: D-13 | B14: Resource and Library | C14: Resource and library ---> Bilingual Content | D14: http://13.202.245.81:3000/Resources | E14: The document titles are not in Hindi | F14: OPEN | G14: closed | I14: MEDIUM | J14: http://13.202.245.81:3001/ | L14: HANNAH | N14: 25-09-2026 | R14: #VALUE!
A15: D-14 | B15: Resource and Library | C15: Resource and library ---> Empty Category State | D15: http://13.202.245.81:3000/Resources | E15: There is no empty category on the page | F15: OPEN | G15: same in live | I15: LOW | J15: http://13.202.245.81:3001/ | L15: HANNAH | N15: 25-09-2026 | R15: #VALUE!
A16: D-15 | B16: Our Presence | C16: Incorrect state name ("Chandigarh") displayed instead of "Punjab" | D16: http://13.202.245.81:3001/Our-Presence/Index-Menu/Central-Audit-Offices?filter=defence | E16: In the Defence Audit Offices section, the state header is incorrectly displayed as "Chandigarh" instead of "Punjab". Please update the label to Punjab. | F16: open | G16: closed | I16: Medium | J16: http://13.202.245.81:3001/ | L16: Saraswathi | R16: #VALUE!
A17: D-16 | B17: Our Presence | C17: Office names and text content mismatch between Figma design and Live site | D17: http://13.202.245.81:3001/Our-Presence/Index-Menu/Central-Audit-Offices?filter=railway | E17: 1. West Bengal: Live site displays 3 office names (Eastern Railway, South Eastern Railway, Railway Production Units & Metro), whereas Figma design specifies Railway, Kolkata, DO-1 and Railway, Kolkata, DO-2. 2. Uttar Pradesh: Office name ordering is swapped compared to Figma specs. 3. URL Routing Names: Hovering/clicking on entries shows non-standard URL path names (e.g., /rly/hubli/en instead of standard menu routing). | F17: open | G17: closed | I17: High | J17: http://13.202.245.81:3001/ | L17: Saraswathi | R17: #VALUE!
A18: D-17 | B18: Our Presence | C18: Incorrect categorization: "Defence - Commercial, Bengaluru" listed under Other Ministries section | D18: http://13.202.245.81:3001/Our-Presence/Index-Menu/Central-Audit-Offices?filter=other | E18: Under Other Ministries Audit Offices, for the Karnataka state card, "Defence - Commercial, Bengaluru" is wrongly displayed. Since Defence has its own dedicated menu ("Defence" tab), this item should either be moved to the Defence section or renamed/removed from Other Ministries. | F18: open | G18: closed | I18: High | J18: http://13.202.245.81:3001/ | L18: Saraswathi | R18: #VALUE!
A19: D-18 | B19: State subsites | C19: PDF documents are missing/not displaying under the Document column | D19: http://13.202.245.81:3001/ae/andhra-pradesh/en/state-accounts-report?defuat_account_report_type=357 | E19: On navigating to Annual Accounts > Account at Glance, the records are listed in the table, but the Document column shows a hyphen (-) instead of downloadable PDF files/links for all financial years. | F19: open | G19: closed | I19: High | J19: http://13.202.245.81:3001/ | L19: Saraswathi | R19: #VALUE!
A20: D-19 | B20: State subsites | C20: PDF documents are missing/not displaying under the Document column | D20: http://13.202.245.81:3001/ae/arunachal-pradesh/en/page-ae-arunachal-pradesh-page-agae-itanagar-accountsataglancw | E20: On navigating to Annual Accounts > Appropriation Accounts, the records are listed in the table, but the Document column shows a hyphen (-) instead of downloadable PDF files/links for all financial years. | F20: open | G20: closed | I20: High | J20: http://13.202.245.81:3001/
A21: D-20 | B21: State subsites | C21: PDF documents are missing/not displaying under the Document column | D21: http://13.202.245.81:3001/ae/andhra-pradesh/en/state-accounts-report?defuat_account_report_type=360 | E21: On navigating to Monthly Accounts> Monthly Key Editor, the records are listed in the table, but the Document column shows a hyphen (-) instead of downloadable PDF files/links for all financial years. | F21: open | G21: closed | I21: High | J21: http://13.202.245.81:3001/
A22: D-21 | B22: Resource and Library | C22: Resources document lists don’t match Figma and show junk test entries | D22: http://13.202.245.81:3001/Resources/Annual-Report | E22: Resources category pages (e.g. Recruitment Policy, Annual Report) show dummy entries. Documents show no date, group or file size, and the Archive button, Search by title bar and category filter from Figma are missing. The Recruitment Policy page banner and breadcrumb say “Recruitment Rules” instead of “Recruitment Policy”. | F22: Open | G22: closed | I22: Medium | J22: http://13.202.245.81:3001/ | L22: HANNAH | N22: 24-10-2026 | R22: #VALUE!
A23: D-22 | B23: Resource and Library | C23: PDF documents fail to open: file storage domain not reachable | D23: http://13.202.245.81:3001/Resources/Annual-Report | E23: Clicking “View PDF” on any Resources document (e.g. Annual Report 2024-25, Manuals) gives “This site can’t be reached”. All files point to d7i5wg8xwe4hf.cloudfront.net, which doesn’t exist. This is a site-wide issue. | F23: OPEN | G23: closed | I23: Medium | J23: http://13.202.245.81:3001/ | L23: HANNAH | N23: 24-10-2026 | R23: #VALUE!
A24: D-23 | B24: Resource and Library | C24: Tenders sub-page not available under Resources | D24: http://13.202.245.81:3001/Resources/Annual-Report | E24: There is no Tenders page in the Resources menu, sidebar or site search, so tender entries can’t be verified. It’s also missing from the Figma Resources menu; scope needs confirmation. | F24: OPEN | G24: same in live | I24: Medium | J24: http://13.202.245.81:3001/ | L24: HANNAH | N24: 24-10-2026 | R24: #VALUE!
A25: D-24 | B25: Resource and Library | C25: Circulars sub-page not available under Resources | D25: http://13.202.245.81:3001/Resources/Annual-Report | E25: There is no Circulars / Departmental Circulars page in the Resources menu, sidebar or site search, so circular entries can’t be verified. It’s also missing from the Figma Resources menu; scope needs confirmation. | F25: OPEN | G25: same in live | I25: Medium | J25: http://13.202.245.81:3001/ | L25: HANNAH | N25: 24-10-2026 | R25: #VALUE!
A26: D-25 | B26: Resource and Library | C26: Search doesn’t return matching Resources documents | D26: http://13.202.245.81:3001/Reports?query=2024 | E26: Searching “2024” redirects to /Reports?query=2024 and returns 202 unrelated results (2025/2026 reports). Resources documents aren’t searched, and Resources pages lack the “Search by title” bar shown in Figma. | F26: OPEN | G26: closed | I26: Low | J26: http://13.202.245.81:3001/ | L26: HANNAH | N26: 24-10-2026 | R26: #VALUE!
A27: D-26 | B27: Resource and Library | C27: Document titles not translated in Hindi | D27: http://13.202.245.81:3001/Resources/Annual-Report | E27: After switching the language to Hindi on Resources → Annual Report, the menu, sidebar, breadcrumb, banner and buttons translate correctly, but document titles (e.g. “Annual Report 2024-25”) stay in English. | F27: OPEN | G27: closed | I27: Medium | J27: http://13.202.245.81:3001/ | L27: HANNAH | N27: 24-10-2026 | R27: #VALUE!
A28: D-27 | B28: Resource and Library | C28: Empty category state not testable on Resources | D28: http://13.202.245.81:3000/Resources | E28: No Resources category with zero documents exists on the live site, so the empty-state message for RL-08 could not be checked. The only empty-state message found is “No reports matching current search filters” on the Reports search page. | F28: Open | G28: closed | I28: Medium | J28: http://13.202.245.81:3001/ | L28: HANNAH | N28: 26-10-2026 | R28: #VALUE!
A29: D-28 | B29: Global Relations | C29: Global Relations pages don’t match Figma formatting | D29: : http://13.202.245.81:3001/About/Index-Menu-About/Global-relations/Association%20with%20INTOSAI and http://13.202.245.81:3001/About/Index-Menu-About/Global-relations/Multilateral%20Engagement | E29: Lists have no bullets, paragraphs have no spacing, font sizes are inconsistent and URLs aren’t styled as links. The mega menu is missing the Training Institutes and Contact columns. | F29: OPEN | G29: closed | I29: High | J29: http://13.202.245.81:3001/ | L29: HANNAH | N29: 24-10-2026 | R29: #VALUE!
A30: D-29 | B30: Global Relations | C30: Broken links on Global Relations pages | D30: http://13.202.245.81:3001/About/Index-Menu-About/Global-relations/Association%20with%20ASOSAI and http://13.202.245.81:3001/en/photo-gallery/view/56th-Governing-Board-Meeting-15th-ASOSAI-Assembly-and-57th-Governing-Board… | E30: The INTOSAI PFAC link doesn’t load, all ASOSAI speech PDFs fail (CloudFront domain not found), and the ASOSAI image links redirects to 404. | F30: OPEN | G30: intosai pfac is an external link, asosai all r working | I30: Low | J30: http://13.202.245.81:3001/ | L30: HANNAH | N30: 24-10-2026 | R30: #VALUE!
A31: D-30 | B31: Global Relations | C31: Global Relations admin list is missing the Website filter and Language | D31: http://13.202.245.81:3001/admin/global-relations?tab=international-bodies | E31: The admin list only has Domain and Status filters, and no Language column is shown. Sort By and Rows per page controls were also not visible. | F31: OPEN | I31: High | J31: http://13.202.245.81:3001/ | L31: HANNAH | N31: 26-10-2026 | R31: #VALUE!
A32: D-31 | B32: Global Relations | C32: Global Relations admin has no option to add a new entry | D32: http://13.202.245.81:3001/admin/global-relations?tab=international-bodies | E32: The Add or New button is missing on the International Bodies, Bilateral Relations, Audit Engagements, and Relations Wing tabs, and only Live Editor is available. Entries can only be edited, not created, from the admin panel. | F32: OPEN | I32: High | J32: http://13.202.245.81:3001/ | L32: HANNAH | N32: 26-10-2026 | R32: #VALUE!
A33: D-32 | B33: Reports | C33: Cannot see reports - UI not responsive, also the page navigation below isnt properly visible | D33: Comptroller and Auditor General of India | E33: the third column of the reports cant be viewed in full , UI not responsive | F33: OPEN | G33: closed | I33: High | L33: Vikram | R33: #VALUE!
A34: D-33 | B34: Reports | C34: The caption of images is being rendered on images and is flickkering, | D34: Comptroller and Auditor General of India | E34: captions of images are flickering around reports, also report img is not visible | F34: OPEN | G34: closed | I34: Medium | J34: http://13.202.245.81:3001/ | L34: Vikram | R34: #VALUE!
A35: D-34 | B35: News & Events | C35: Some event images are displayed as static pictures instead of clickable links. | D35: http://13.202.245.81:3001/News-and-Events/events#event-65 | E35: Event images should load correctly, and if they are intended to be clickable, selecting them should navigate to the corresponding event details page. | F35: OPEN | I35: Medium | J35: http://13.202.245.81:3001/ | L35: Sivasri | N35: 26/10/2026 | R35: #VALUE!
A36: D-35 | B36: Global Relations | C36: Global Relations admin has no option to delete an entry. | D36: http://13.202.245.81:3001/admin/global-relations?tab=international-bodies | E36: Each row only shows Live Editor, a view icon, and an external link, with no delete (trash) icon. Entries can’t be removed from the admin panel. | F36: OPEN | I36: Medium | J36: http://13.202.245.81:3001/ | L36: HANNAH | N36: 26-10-2026 | R36: #VALUE!
A37: D-36 | B37: Global Relations | C37: Hindi version of Global Relations page is empty. | D37: http://13.202.245.81:3001/admin/global-relations?tab=international-bodies | E37: When switching Association with INTOSAI to हिन्दी in the Live Editor, the title is blank and the canvas says “Canvas is currently empty.” There is no way to add an entry in both English and Hindi from the admin panel. | F37: OPEN | I37: Medium | J37: http://13.202.245.81:3001/ | L37: HANNAH | N37: 26-10-2026 | R37: #VALUE!
A38: D-37 | B38: Global Relations | C38: Global Relations admin list has no Sort By or Rows per page controls. | D38: http://13.202.245.81:3001/admin/global-relations?tab=international-bodies | E38: The International Bodies list shows no sorting dropdown or rows-per-page selector. The test expects both controls to change the list order and page size. | F38: OPEN | I38: Low | J38: http://13.202.245.81:3001/ | L38: HANNAH | N38: 26-10-2026 | R38: #VALUE!
A39: D-38 | B39: Global Relations | C39: No confirmed defect yet; test is blocked. | D39: http://13.202.245.81:3001/admin/global-relations?tab=international-bodies and http://13.202.245.81:3000/Reports?query=zzzqqq | E39: The admin list correctly shows “No records found” for a search with no matches. We couldn’t create a Global Relations section with zero entries, so the empty state on the public side is still untested. | F39: OPEN | I39: Low | J39: http://13.202.245.81:3001/ | L39: HANNAH | N39: 26-10-2026 | R39: #VALUE!
A40: D-39 | B40: Training Institute | C40: Contrast toggle is missing | D40: http://13.202.245.81:3001/Our-Presence/Index-Menu/Traning-Institutes?filter=regional&center=delhi | E40: Contrast toggle is not available in training institute | F40: OPEN | I40: Medium | J40: http://13.202.245.81:3001/ | L40: Sivasri | N40: 26-10-2026 | R40: #VALUE!
A41: D-40 | B41: Training Institute | C41: Incorrect branding/header | D41: http://13.202.245.81:3001/Our-Presence/Index-Menu/Traning-Institutes?filter=iced | E41: Home → Our Presence → Index Menu → Training Institutes → ICED, iCISA, NAAA, RCBKI The branding color is displayed in green instead of the expected brown color. | F41: OPEN | I41: High | J41: http://13.202.245.81:3001/ | L41: Sivasri | N41: 26/10/2026 | R41: #VALUE!
A42: D-41 | B42: Training Institute | C42: Language switching | D42: http://13.202.245.81:3001/Our-Presence/Index-Menu/Traning-Institutes?filter=iced&page=page-iced-upcoming-programmes-events | E42: Language switching is not working properly, some content still in english | F42: OPEN | I42: Low | J42: http://13.202.245.81:3001/ | L42: Sivasri | N42: 26-10-2026 | R42: #VALUE!
A43: D-42 | B43: Admin – Audit Log | C43: Export CSV Returns Unauthorized Error | D43: http://13.202.245.81:3001/admin/audit-log | E43: When attempting to access or export the audit log CSV, the application returns an {"error":"Unauthorized"} response instead of downloading the CSV file. The export functionality is not working as expected. | F43: OPEN | I43: High | J43: http://13.202.245.81:3001/ | L43: Sakthi | N43: 26-10-2026 | R43: #VALUE!
A44: D-43 | B44: Reports | C44: Filter is not working | D44: Comptroller and Auditor General of India | E44: When using filters for 2024 reports, it shows the 2026 reports. | F44: OPEN | I44: High | J44: http://13.202.245.81:3001/ | L44: Vikram | N44: 26-10-2026 | R44: #VALUE!
A45: D-44 | B45: Admin – File Upload | C45: Direct upload without login session returned Unauthorized; file type check pending. | D45: http://13.202.245.81:3001/Reports | E45: Not able to upload | F45: OPEN | I45: High | J45: http://13.202.245.81:3001/ | L45: HANNAH | N45: 26-10-2026
A46: D-45 | B46: Reports | C46: Dates doesnt match | D46: http://13.202.245.81:3001/Reports/125757 | E46: Dates doesnt match inside the reports | F46: OPEN | I46: Medium | J46: http://13.202.245.81:3001/ | L46: Vikram | N46: 26-10-2026 | R46: #VALUE!
A47: D-46 | B47: Reports | C47: FIlter not proper | D47: Comptroller and Auditor General of India | E47: Filter when searched with ".." return reports, no proper validation | F47: OPEN | I47: High | J47: http://13.202.245.81:3001/ | L47: Vikram | N47: 26-10-2026 | R47: #VALUE!
A48: D-47 | B48: Repots and Accounts | C48: No data seeded in combined accounts | D48: Comptroller and Auditor General of India | E48: No data in combined accounts | F48: OPEN | I48: HIgh | J48: http://13.202.245.81:3001/ | L48: Vikram | N48: 26-10-2026
A49: D-48 | B49: Repots and Accounts | C49: Appropriation Accounts pdf not downloadable | D49: http://13.202.245.81:3001/Reports/accounts | E49: Appropriation pdfs cant be downlaoded, routes to D7 | F49: OPEN | I49: HIgh | J49: http://13.202.245.81:3001/ | L49: Vikram | N49: 26-10-2026 | R49: #VALUE!
A50: D-49 | B50: Reports & Accounts | C50: Report Detail – Back Navigation | D50: Report No. 02 of 2026- State Finances Audit Report of the Government of West Bengal for the year ended March 2025 | CAG of India | E50: returning from a report detail page removes teh applied filters and page | F50: OPEN | I50: HIgh | J50: http://13.202.245.81:3001/ | L50: Vikram | N50: 26-10-2026 | R50: #VALUE!
A51: D-50 | B51: State Subsites | C51: What's New section is not displaying the latest items | D51: http://13.202.245.81:3001/rly/mumbai-i/en/contact-us/media-centre/notices | E51: The What's New section does not display correct items, such as the latest tenders or announcements. The expected newest-first listing is missing. | F51: OPEN | I51: HIgh | J51: http://13.202.245.81:3001/ | L51: Saraswathi | N51: 26-10-2026 | R51: #VALUE!
A52: D-51 | B52: State Subsites | C52: Quick Links information is missing and navigation is incorrect | D52: http://13.202.245.81:3001/ae/andhra-pradesh/en | E52: The Quick Links section does not display the expected information, and the navigation functionality is not working correctly. Users cannot access the intended destinations through the Quick Links section. | F52: OPEN | I52: Medium | J52: http://13.202.245.81:3001/ | L52: Saraswathi | N52: 26-10-2026 | R52: #VALUE!
A53: D-52 | B53: Office Subsites | C53: What's New section is not working properly in Railway subsite | D53: http://13.202.245.81:3001/rly/northern-railway/en/contact-us/media-centre/notices | E53: On opening the Railway subsite and navigating to an office page, the What's New section is not functioning as expected. The latest announcements or updates are not displayed correctly. | F53: OPEN | I53: Medium | J53: http://13.202.245.81:3001/ | L53: Saraswathi | N53: 26-10-2027 | R53: #VALUE!
A54: D-53 | B54: Office Subsites | C54: A&E Accounts sections are not functioning properly | D54: http://13.202.245.81:3001/ae/andhra-pradesh/en/notification | E54: On accessing an A&E office subsite, some sections, including Pension, GPF, Monthly Key Indicators, Appropriation/Finance Accounts, and Accounts at a Glance, are not functioning as expected. | F54: OPEN | I54: Medium | J54: http://13.202.245.81:3001/ | L54: Saraswathi | R54: #VALUE!
A55: D-54 | B55: Office Subsites | C55: Invalid office URL displays the full website instead of a 404 page | D55: http://13.202.245.81:3001/ag/invalid-office/en | E55: When a non-existent office slug is accessed, the application displays the full website instead of showing a user-friendly 404 error page within the subsite layout. | F55: OPEN | I55: HIgh | J55: http://13.202.245.81:3001/ | L55: Saraswathi | R55: #VALUE!
A56: D-55 | B56: Office Subsites | C56: Return to Main Site navigation is not working | D56: http://13.202.245.81:3001/Our-Presence/Index-Menu/Traning-Institutes?filter=icisa | E56: When clicking the CAG logo or main site link from an office subsite, the user is unable to navigate back to the main CAG home page. | F56: OPEN | I56: HIgh | J56: http://13.202.245.81:3001/ | L56: Saraswathi
A57: D-56 | B57: Office Subsites | C57: Hindi localization is incomplete across office subsites | D57: http://13.202.245.81:3001/ae/andhra-pradesh/en | E57: When accessing office subsites in Hindi, some content does not switch to Hindi and continues to display in the previous language. This results in inconsistent language display across subsite pages. | F57: Open | I57: Medium | J57: http://13.202.245.81:3001/ | L57: Saraswathi | R57: #VALUE!
A58: D-57 | B58: Office Subsites | C58: Search Functionality not working | D58: http://13.202.245.81:3001/defense/new-delhi-defence-services/en | E58: Search functionality is not working correctly | F58: OPEN | I58: Medium | J58: http://13.202.245.81:3001/ | L58: Saraswathi | R58: #VALUE!
A59: D-58 | B59: Office Subsites | C59: quick link have wrong shadow background | D59: http://13.202.245.81:3001/Our-Presence/Index-Menu/Traning-Institutes?filter=regional&center=delhi | E59: Quick link have white shadow backround | F59: OPEN | I59: Medium | J59: http://13.202.245.81:3001/ | L59: Saraswathi
A60: D-59 | B60: Defence Subsites | C60: New Delhi -- > About us --> Governance Board --> 2 sub pages are disable | D60: http://13.202.245.81:3001/defense/new-delhi-airforce/about/the-office/citizen-charter | E60: Under New Delhi → About Us → Governance Board, two subpages are disabled and cannot be accessed. | F60: OPEN | I60: HIgh | J60: http://13.202.245.81:3001/ | L60: Saraswathi | N60: 26-10-2026 | R60: #VALUE!
A61: D-60 | B61: Defence Subsites | C61: New Delhi -- > Functions --> Administration --> 6 sub pages are disable | D61: http://13.202.245.81:3001/defense/new-delhi-airforce/function/deputation | E61: Under New Delhi → Functions → Administration, six subpages are disabled and cannot be accessed. | F61: OPEN | I61: HIgh | J61: http://13.202.245.81:3001/ | L61: Saraswathi | N61: 26-10-2026 | R61: #VALUE!
A62: D-61 | B62: Defence Subsites | C62: Chandigarh --> Publications & Reports --> sub pages are disable | D62: http://13.202.245.81:3001/defense/chandigarh-defence-services/en | E62: Under Chandigarh → Publications & Reports, the subpages are disabled and cannot be accessed. | F62: OPEN | I62: HIgh | J62: http://13.202.245.81:3001/ | L62: Saraswathi | N62: 26-10-2026 | R62: #VALUE!
A63: D-62 | B63: Defence Subsites | C63: New Delhi (Navy) --> Publications & Reports --> sub pages are disable | D63: http://13.202.245.81:3001/defense/new-delhi-navy/en | E63: Under New Delhi → Publications & Reports, the subpages are disabled and cannot be accessed. | F63: OPEN | I63: HIgh | J63: http://13.202.245.81:3001/ | L63: Saraswathi | N63: 26-10-2026 | R63: #VALUE!
A64: D-63 | B64: Defence Subsites | C64: Karnataka(Bengaluru)--> Publications & Reports --> sub pages are disable | D64: http://13.202.245.81:3001/defense/bengaluru-pda/en | E64: Under Karnataka(Bengaluru)→ Publications & Reports, the subpages are disabled and cannot be accessed. | F64: OPEN | I64: HIgh | J64: http://13.202.245.81:3001/ | L64: Saraswathi | N64: 26-10-2026 | R64: #VALUE!
A65: D-64 | B65: Defence Subsites | C65: New Delhi (Navy)-- > Resources not working properly | D65: http://13.202.245.81:3001/defense/new-delhi-navy/en | E65: New Delhi(Navy) --> Resources --> sub pages pages not working properly some redirect to cag.gov.in and some are disable | F65: OPEN | I65: HIgh | J65: http://13.202.245.81:3001/ | L65: Saraswathi | N65: 26-10-2026 | R65: #VALUE!
A66: D-65 | B66: Defence Subsites | C66: New Delhi(Navy) --> Tour program --> Breadgrumbs are not working properly | D66: http://13.202.245.81:3001/defense/new-delhi-navy/tour-program/performance-audit | E66: Under New Delhi (Navy) → Tour Program → Performance Audit Tour Program, the subpage opens correctly, but the breadcrumb incorrectly displays "About Us" instead of "Tour Program". | F66: OPEN | I66: Medium | J66: http://13.202.245.81:3001/ | L66: Saraswathi | N66: 26-10-2026 | R66: #VALUE!
A67: D-66 | B67: Training Institute | C67: Naaa pages not translating whole content to hindi | D67: http://13.202.245.81:3001/Our-Presence/Index-Menu/Traning-Institutes?filter=naaa | E67: Some of the content in the page not translating to hindi | F67: OPEN | I67: Medium | J67: http://13.202.245.81:3001/ | L67: Saraswathi | N67: 26-10-2026 | R67: #VALUE!
A68: D-67 | B68: Defence Subsites | C68: New Delhi (Navy) --> Working with us --> sub pages are disable | D68: http://13.202.245.81:3001/defense/new-delhi-airforce/working-with-us/feedback-complaint | E68: Working with us --> sub pages are disable in some defence subsites states | F68: OPEN | I68: High | J68: http://13.202.245.81:3001/ | L68: Sivasri | N68: 27-10-2026 | R68: #VALUE!
A69: D-68 | B69: Defence Subsites | C69: Karnataka(Bengaluru)--> Empployee corener --> Form for IA & ID staff is disable | D69: http://13.202.245.81:3001/defense/bengaluru-pda/working-with-us/contact-us | E69: Karnataka(Bengaluru)--> Employee corener --> Form for IA & ID staff is disable and in some states employee corner sub pages redirect to cag.gov.in | F69: OPEN | I69: High | J69: http://13.202.245.81:3001/ | L69: Sivasri | N69: 27-10-2026 | R69: #VALUE!
A70: D-69 | B70: Defence Subsites | C70: Mobile view not working properly | D70: http://13.202.245.81:3001/defense/pune-defence-services/contact-us/office-address | E70: Mobile responsiveness is not working properly on Defence subsites. The header, navigation menu, and page content are not properly aligned in mobile view. | F70: OPEN | I70: High | J70: http://13.202.245.81:3001/ | L70: Sivasri | N70: 27-10-2026 | R70: #VALUE!
A71: D-70 | B71: Defence Subsites | C71: Language switching | D71: http://13.202.245.81:3001/defense/kolkata-ordnance-factories/employee-corner/staff-forms | E71: Hindi translation is not working properly, some contents are remains in english | F71: OPEN | I71: Low | J71: http://13.202.245.81:3001/ | L71: Sivasri | N71: 27-10-2026 | R71: #VALUE!
A72: D-71 | B72: UX-UI-UI And Shared Components | C72: Footer is missing contact details and INTOSAI/ASOSAI links | D72: http://13.202.245.81:3001/ | E72: The footer on the home page does not show the address, email, phone number, or INTOSAI/ASOSAI links. These details appear only on the Contact Us page. | F72: OPEN | I72: Medium | J72: http://13.202.245.81:3001/ | L72: HANNAH | N72: 27-10-2026 | R72: #VALUE!
A73: D-72 | B73: Video Gallery | C73: Unable to Save Video Record in Video Gallery | D73: Comptroller and Auditor General of India | E73: When adding a new video in the Video Gallery, clicking the Save Video Record button does not save the video record. The video cannot be added to the gallery. | F73: OPEN | I73: Medium | J73: http://13.202.245.81:3001/ | L73: Sree | N73: 27-10-2026
A74: D-73 | B74: Video Gallery | C74: Unable to Add or Update Video Records in Video Gallery | D74: Comptroller and Auditor General of India | E74: The admin is unable to add a new video or update an existing video record in the Video Gallery. The changes cannot be saved, preventing verification of the URL validation functionality. | F74: OPEN | J74: http://13.202.245.81:3001/ | L74: Sree | N74: 27-10-2026
A75: D-74 | F75: OPEN | J75: http://13.202.245.81:3001/ | L75: Sree | N75: 27-10-2026
A76: D-75 | F76: OPEN | J76: http://13.202.245.81:3001/ | L76: Sree | N76: 27-10-2026
A77: D-76 | F77: OPEN | J77: http://13.202.245.81:3001/ | L77: Sree | N77: 27-10-2026

Sheet UX - UI-UX & Shared Components
A1: Test Case ID | B1: Module | C1: Feature / Component | D1: Test Scenario | E1: Preconditions | F1: Test Steps | G1: Test Data | H1: Expected Result | I1: Priority | J1: Severity | K1: Test Type | L1: Automation Candidate | M1: Status | N1: Actual Result | O1: Comments
A2: UX-01 | B2: UI-UX & Shared Components | C2: Header Layout (Core) | D2: Verify the redesigned core Header displays all intended elements | E2: Any public page loaded | F2: 1. Load a public page 2. Inspect the Header for logo, main navigation, language toggle and utility links | G2: N/A | H2: Header matches the intended redesign: correct elements, order and styling | I2: High | J2: Medium | K2: UI/UX | L2: N | M2: Executed | N2: PASS | O2: All header elements and menu items are present. The banner image is broken, but it is outside the header
A3: UX-02 | B3: UI-UX & Shared Components | C3: Header Parity (Core vs Addon) | D3: Verify addon/Header.tsx parity with the core Header where the addon variant is used | E3: Confirm which Header variant is active in the build | F3: 1. Identify pages/build using the addon Header 2. Compare visually and functionally to the core Header | G3: N/A | H3: Both variants match, or any intentional differences are documented and approved by design | I3: High | J3: Medium | K3: Regression | L3: N
A4: UX-03 | B4: UI-UX & Shared Components | C4: Main Navigation Order | D4: Verify the 5 main navigation items appear in the correct order with correct sub-menus | E4: Any public page loaded | F4: 1. Inspect the main navigation bar 2. Hover/click each of About Us, Our Presence, Reports, Careers, Resources, Global Relations | G4: site.config.ts mainNavigation order | H4: Items appear in the documented order and each sub-category flyout is correct | I4: High | J4: Medium | K4: Functional | L4: Y | M4: Executed | N4: PASS | O4: Menu shows 6 main modules and all dropdowns open on hover and links open correct pages.
A5: UX-04 | B5: UI-UX & Shared Components | C5: Menu Parity (Core vs Addon) | D5: Verify addon/Menu.tsx enhanced multi-level navigation matches core Menu behaviour | E5: Confirm which Menu variant is active | F5: 1. Open multi-level menu items on pages using each variant 2. Compare open/close behaviour and styling | G5: N/A | H5: Both variants behave consistently, or differences are documented as intentional | I5: Medium | J5: Medium | K5: Regression | L5: N | M5: Executed | N5: PASS | O5: Menu opens on hover, stays open when mouse moves onto it, and closes on mouse leave or click.
A6: UX-05 | B6: UI-UX & Shared Components | C6: Footer Content | D6: Verify Footer displays correct contact details and external links | E6: Any public page loaded | F6: 1. Scroll to Footer 2. Verify address, email, phone and links to INTOSAI, ASOSAI, india.gov.in | G6: site.config.ts contact & externalLinks | H6: All footer details are accurate and external links resolve correctly | I6: Medium | J6: Medium | K6: Functional | L6: Y | M6: Executed | N6: FAIL | O6: Footer has no address, email, phone, or INTOSAI/ASOSAI links; contact details are only on Contact Us page
A7: UX-06 | B7: UI-UX & Shared Components | C7: Footer Parity (Core vs Addon) | D7: Verify addon/Footer.tsx parity with the core Footer | E7: Confirm which Footer variant is active | F7: 1. Compare addon Footer to core Footer visually and functionally | G7: N/A | H7: Both variants match, or differences are documented as intentional | I7: Medium | J7: Low | K7: Regression | L7: N | M7: Executed
A8: UX-07 | B8: UI-UX & Shared Components | C8: Breadcrumb Accuracy | D8: Verify breadcrumb trails are present and accurate on nested pages | E8: On a nested page (e.g., About Us sub-page, Report detail, State Subsite) | F8: 1. Navigate several levels deep 2. Inspect the breadcrumb trail | G8: N/A | H8: Breadcrumb accurately reflects the navigation path on every nested page tested | I8: Medium | J8: Medium | K8: UI/UX | L8: Y | M8: Executed | N8: PASS | O8: Breadcrumb shows the correct path on About Us pages. Checked on CAG of India, Vision, Mission and Core Values, and Organisation Chart.
A9: UX-08 | B9: UI-UX & Shared Components | C9: Breadcrumb Parity (Addon) | D9: Verify addon/Breadcrumb.tsx configurable labels render correctly where used | E9: A page uses the addon Breadcrumb | F9: 1. Load a page using the addon Breadcrumb 2. Verify configured labels display as intended | G9: N/A | H9: Configured labels render correctly and match the core Breadcrumb's accuracy | I9: Low | J9: Low | K9: Regression | L9: N | M9: Executed
A10: UX-09 | B10: UI-UX & Shared Components | C10: Cross-Page Visual Consistency | D10: Verify consistent spacing, typography, colour and iconography across redesigned pages | E10: Multiple redesigned pages available | F10: 1. Compare spacing, font usage, colour palette and Lucide icon usage across Home, Reports, About Us and a State Subsite | G10: N/A | H10: Visual language is consistent across all pages sampled; no stray fonts/colours from the pre-redesign UI | I10: High | J10: Medium | K10: UI/UX | L10: N | M10: Executed | N10: PASS | O10: Fonts, colours, icons and spacing are consistent across Home, About Us, Reports and Resources pages.
A11: UX-10 | B11: UI-UX & Shared Components | C11: Sticky Header Behaviour | D11: Verify header scroll behaviour does not obscure content | E11: A long page (e.g., Reports listing) | F11: 1. Scroll down and up on a long page 2. Observe header behaviour | G11: N/A | H11: Sticky/collapsing header (if implemented) behaves smoothly and never overlaps interactive content | I11: Medium | J11: Low | K11: UI/UX | L11: N | M11: Executed | N11: PASS | O11: Header scrolls away smoothly on the Reports page and does not cover any content.
A12: UX-11 | B12: UI-UX & Shared Components | C12: Mobile Navigation | D12: Verify the mobile hamburger menu opens/closes and exposes all navigation items | E12: Mobile viewport (375x667) | F12: 1. Load any page at mobile width 2. Open the hamburger menu 3. Navigate through all top-level and sub items 4. Close the menu | G12: N/A | H12: All navigation items are reachable on mobile and the menu opens/closes cleanly | I12: High | J12: Medium | K12: UI/UX | L12: N | M12: Executed | N12: PASS | O12: Mobile menu at 375x667 shows all items, sub-menus open on tap, and the menu closes.
A13: UX-12 | B13: UI-UX & Shared Components | C13: Language Toggle Placement | D13: Verify the EN/HI toggle is consistently placed and styled across all Header instances | E13: Multiple pages with different layouts (public, state subsite) | F13: 1. Locate the language toggle on Home, a public page, and a State Subsite 2. Compare position and styling | G13: N/A | H13: Toggle placement and styling are consistent everywhere it appears | I13: Medium | J13: Low | K13: UI/UX | L13: N | M13: Executed
A14: UX-13 | B14: UI-UX & Shared Components | C14: Layout Regression vs Design Reference | D14: Verify redesigned pages match the approved design reference | E14: Approved design mockups available (if supplied) | F14: 1. Compare each redesigned page side-by-side against its design reference 2. Note any deviations | G14: Design mockups (if provided) | H14: No unintended layout drift from the approved design; deviations are flagged for design review | I14: High | J14: Medium | K14: UI/UX | L14: N | M14: Executed
A15: UX-14 | B15: UI-UX & Shared Components | C15: Layout Routing (RootLayoutWrapper) | D15: Verify admin and state-subsite routes correctly skip the public Header/Footer | E15: Access to an admin route and a state subsite route | F15: 1. Navigate to an admin page 2. Navigate to a state subsite page 3. Observe whether the public Header/Footer render or flash briefly | G15: N/A | H15: Admin and state-subsite routes render their own layout shell with no flash of the public Header/Footer | I15: Medium | J15: Medium | K15: Functional | L15: N | M15: Executed

Sheet RA - Reports & Accounts
A1: Test Case ID | B1: Module | C1: Feature / Component | D1: Test Scenario | E1: Preconditions | F1: Test Steps | G1: Test Data | H1: Expected Result | I1: Priority | J1: Severity | K1: Test Type | L1: Automation Candidate | M1: Status | N1: Actual Result | O1: Comments
A2: RA-01 | B2: Reports & Accounts | C2: Reports Listing | D2: Verify Reports page loads the default first page with default sort and page size | E2: Report data seeded | F2: 1. Navigate to Reports page 2. Inspect the first page of results and default sort order | G2: Default pageSize=9, sort=newest | H2: First 9 reports display, sorted newest first, matching /api/reports defaults | I2: High | J2: Medium | K2: Functional | L2: Y | M2: Executed | N2: Failed | O2: Not to the latest on top
A3: RA-02 | B3: Reports & Accounts | C3: Keyword Search | D3: Verify searching by keyword returns only matching reports | E3: Report data seeded | F3: 1. Enter a known keyword in the search box 2. Submit search 3. Inspect results | G3: Keyword present in a known report's title/overview | H3: Only reports containing the keyword in title or overview are returned | I3: High | J3: Medium | K3: Functional | L3: Y | M3: Executed | N3: Pass
A4: RA-03 | B4: Reports & Accounts | C4: Filter by Level | D4: Verify filtering by Government Level returns the correct subset | E4: Report data seeded | F4: 1. Select a Level filter (Union / States / Local Bodies) 2. Inspect results | G4: level=Union | H4: Only reports matching the selected level are returned | I4: High | J4: Medium | K4: Functional | L4: Y | M4: Executed | N4: Pass
A5: RA-04 | B5: Reports & Accounts | C5: Filter by Sector | D5: Verify filtering by Ministry/Sector returns the correct subset | E5: Report data seeded | F5: 1. Select a Sector filter 2. Inspect results | G5: A known sector value | H5: Only reports matching the selected sector are returned | I5: Medium | J5: Medium | K5: Functional | L5: Y | M5: Executed | N5: Pass
A6: RA-05 | B6: Reports & Accounts | C6: Filter by Report Type | D6: Verify filtering by report type returns the correct subset | E6: Report data seeded | F6: 1. Select a report type (Compliance/Financial/Performance/ADC) 2. Inspect results | G6: type=Performance | H6: Only reports of the selected type are returned | I6: Medium | J6: Medium | K6: Functional | L6: Y | M6: Executed | N6: Pass
A7: RA-06 | B7: Reports & Accounts | C7: Filter by Year | D7: Verify filtering by year returns the correct subset | E7: Report data seeded | F7: 1. Select a report year 2. Inspect results | G7: A known year value | H7: Only reports published in the selected year are returned | I7: Medium | J7: Medium | K7: Functional | L7: Y | M7: Executed | N7: Failed | O7: Filter by year - reports are showing 2026 data for 2024 filter
A8: RA-07 | B8: Reports & Accounts | C8: Filter by State | D8: Verify filtering by state returns the correct subset | E8: Report data seeded | F8: 1. Select a state filter 2. Inspect results | G8: state_id of a known state | H8: Only reports tagged to the selected state are returned | I8: Medium | J8: Medium | K8: Functional | L8: Y | M8: Executed | N8: Failed | O8: No clear segregation on how the state is mentioned
A9: RA-08 | B9: Reports & Accounts | C9: Combined Filters | D9: Verify multiple simultaneous filters apply AND logic correctly | E9: Report data seeded | F9: 1. Apply Level + Sector + Year filters together 2. Inspect results | G9: level=States, sector=Health, year=2025 | H9: Only reports matching all three criteria simultaneously are returned | I9: High | J9: Medium | K9: Functional | L9: Y | M9: Executed | N9: Pass
A10: RA-09 | B10: Reports & Accounts | C10: Sort Order | D10: Verify all sort options reorder results correctly | E10: Report data seeded | F10: 1. Apply each sort option in turn: newest, oldest, title_asc, title_desc 2. Inspect ordering after each | G10: N/A | H10: Result order matches the selected sort criterion exactly | I10: Medium | J10: Low | K10: Functional | L10: Y | M10: Executed | N10: Failed | O10: Sort by year alone - fail
A11: RA-10 | B11: Reports & Accounts | C11: Pagination | D11: Verify pagination returns correct, non-duplicated records across pages | E11: More than one page of reports exists | F11: 1. Navigate to page 1, then page 2, then page 3 2. Compare record IDs across pages | G11: page=1,2,3; pageSize=9 | H11: No record appears on more than one page and no records are skipped | I11: High | J11: Medium | K11: Functional | L11: Y | M11: Executed | N11: Failed | O11: UI correction
A12: RA-11 | B12: Reports & Accounts | C12: Report Detail View | D12: Verify a report's detail data is complete and correct | E12: A known report exists | F12: 1. Open a report's detail link 2. Verify title, sector, admin_level, report_type, published_date and file_url | G12: A known report ID | H12: All fields match the source data exactly with no missing values | I12: High | J12: Medium | K12: Functional | L12: Y | M12: Executed | N12: Failed | O12: #VALUE! | P12: Dates are mismatched
A13: RA-12 | B13: Reports & Accounts | C13: Report File Download | D13: Verify downloading a report file works correctly | E13: A report with a file_url exists | F13: 1. Click the report's file/download link 2. Verify the downloaded file | G13: A known report with an attached PDF | H13: The correct document downloads and opens without corruption | I13: High | J13: Medium | K13: Functional | L13: N | M13: Executed | N13: Failed | O13: #VALUE! | P13: Routes to D7 and tells error
A14: RA-13 | B14: Reports & Accounts | C14: No Results State | D14: Verify a clear message displays when search/filter criteria return zero results | E14: Report data seeded | F14: 1. Enter a search term/filter combination guaranteed to match nothing 2. Observe the results area | G14: A nonsense keyword, e.g. 'zzzznoresults' | H14: A clear 'no results found' message displays; page does not error or show a blank area | I14: Medium | J14: Medium | K14: Functional | L14: Y | M14: Executed | N14: Pass
A15: RA-14 | B15: Reports & Accounts | C15: Filters Sidebar UI | D15: Verify the filters sidebar expands/collapses and reflects active selections | E15: On Reports page | F15: 1. Toggle the filters sidebar open/closed 2. Apply a filter 3. Observe sidebar state | G15: N/A | H15: Sidebar toggles smoothly and visually indicates which filters are currently active | I15: Medium | J15: Low | K15: UI/UX | L15: N | M15: Executed | N15: Failed | O15: No side bar Collapse
A16: RA-15 | B16: Reports & Accounts | C16: State Accounts Listing | D16: Verify State Accounts section lists paginated records correctly | E16: State accounts data seeded | F16: 1. Navigate to Accounts > State Accounts 2. Inspect list and pagination | G16: N/A | H16: Records display correctly with working pagination matching /api/state-accounts | I16: High | J16: Medium | K16: Functional | L16: Y | M16: Executed | N16: Pass
A17: RA-16 | B17: Reports & Accounts | C17: Combined Accounts (CFRA) | D17: Verify Combined Accounts section lists and details records correctly | E17: Combined accounts data seeded | F17: 1. Navigate to Accounts > Combined Accounts 2. Open a record's detail view | G17: N/A | H17: List and detail view match /api/combined-accounts data | I17: Medium | J17: Medium | K17: Functional | L17: Y | M17: Executed | N17: Failed | O17: No data in combined accounts
A18: RA-17 | B18: Reports & Accounts | C18: Appropriation Accounts | D18: Verify Appropriation Accounts display correctly for a selected state | E18: A state with appropriation account data exists | F18: 1. Navigate to a state's Appropriation Accounts view 2. Inspect displayed data | G18: A known state | H18: Appropriation account figures display correctly and match source data | I18: Medium | J18: Medium | K18: Functional | L18: N | M18: Executed | N18: Failed | O18: Pdf could not be downloaded routes to D7
A19: RA-18 | B19: Reports & Accounts | C19: Performance with Large Dataset | D19: Verify Reports search/filter/pagination remains responsive against ~10,000 records | E19: Full seed dataset (local_reports.json) loaded | F19: 1. Perform a filtered search across the full dataset 2. Measure response time 3. Repeat for pagination through later pages | G19: Full ~10,000-record dataset | H19: Responses return within an acceptable threshold (e.g., <2-3s) with no timeout or UI freeze | I19: High | J19: High | K19: Performance | L19: N | M19: Not Executed
A20: RA-19 | B20: Reports & Accounts | C20: Report Detail – Back Navigation | D20: Verify returning from a report detail page keeps the applied filters and page | E20: Report data seeded | F20: 1. Apply filters (e.g. Type = Performance, Year = 2023) and go to page 2 2. Open a report 3. Click Back / the breadcrumb | G20: type=Performance, year=2023, page=2 | H20: Listing returns with the same filters, sort and page number applied | I20: Medium | J20: Medium | K20: Functional | L20: Y | M20: Executed | N20: Failed | O20: When selected the breadcrumb, the filters got erased
A21: RA-20 | B21: Reports & Accounts | C21: Report Detail – Invalid ID (UI) | D21: Verify the report detail page handles a non-existent ID gracefully | E21: Public site accessible | F21: 1. Open the report detail URL with a non-existent ID | G21: ID: 99999999 | H21: A friendly 'Report not found' / 404 page displays inside the site layout | I21: Medium | J21: Medium | K21: Functional | L21: Y | M21: Executed | N21: Pass
A22: RA-21 | B22: Reports & Accounts | C22: Report Detail – Hindi | D22: Verify the report detail page shows Hindi content under /hi | E22: A report with Hindi title/overview exists | F22: 1. Open the report detail under /hi | G22: A bilingual report | H22: Hindi title and overview display; the Hindi PDF is offered where available | I22: Medium | J22: Medium | K22: Localization | L22: N | M22: Executed | N22: Pass

Sheet AF - Admin - File Upload
A1: Test Case ID | B1: Module | C1: Feature / Component | D1: Test Scenario | E1: Preconditions | F1: Test Steps | G1: Test Data | H1: Expected Result | I1: Priority | J1: Severity | K1: Test Type | L1: Automation Candidate | M1: Status | N1: Actual Result | O1: Comments
A2: AF-01 | B2: Admin - File Upload | C2: Valid Image Upload | D2: Verify a valid image uploads and displays correctly | E2: Admin logged in, on a form with an image field | F2: 1. Select a valid PNG/JPG file 2. Upload 3. Save the record | G2: A valid PNG/JPG file <5MB | H2: File saves under public/admin-uploads/images and displays correctly on the record | I2: High | J2: Medium | K2: Functional | L2: Y | M2: Executed | N2: PASS | O2: Test banner “AF 01 test” created on the testing site and saved as Inactive. Image upload worked and the banner is not live.
A3: AF-02 | B3: Admin - File Upload | C3: Valid Document Upload | D3: Verify a valid document uploads and its link works | E3: Admin logged in, on a form with a file field | F3: 1. Select a valid PDF/DOCX/XLSX/ZIP file 2. Upload 3. Save the record 4. Open the resulting link | G3: A valid PDF file | H3: File saves under public/admin-uploads/uploads and the download link works correctly | I3: High | J3: Medium | K3: Functional | L3: Y | M3: Executed | N3: PASS | O3: Test PDF uploaded and saved as a link on Inactive circular “AF02”, hidden from the public site.
A4: AF-03 | B4: Admin - File Upload | C4: Invalid File Type Rejection | D4: Verify disallowed file types are rejected | E4: On a file upload field | F4: 1. Attempt to upload a disallowed file type (e.g., .exe) | G4: A .exe file | H4: Upload is rejected with a clear error message; no file is stored | I4: High | J4: High | K4: Security | L4: Y | M4: Executed | N4: PASS | O4: Uploading a .exe on the banner form was rejected with “Invalid file format (.exe),” and no link was saved.
A5: AF-04 | B5: Admin - File Upload | C5: Oversized File Rejection | D5: Verify files exceeding the size limit are rejected gracefully | E5: On a file upload field | F5: 1. Attempt to upload a file exceeding the configured size limit | G5: An oversized file | H5: Upload is rejected with a clear error message; application does not crash | I5: Medium | J5: Medium | K5: Functional | L5: N | M5: Executed | N5: PASS | O5: Uploading a 20 MB file was rejected with “The file is 20.0 MB; the limit is 10 MB.”
A6: AF-05 | B6: Admin - File Upload | C6: File Replace | D6: Verify replacing an existing file updates the reference correctly | E6: A record with an existing uploaded file | F6: 1. Edit the record 2. Upload a new file to replace the existing one 3. Save | G6: A new valid file | H6: The record now references the new file; the old file reference is updated/removed per design | I6: Medium | J6: Medium | K6: Functional | L6: N | M6: Executed | N6: PASS | O6: Replaced the banner image on AF 01 test and the record now shows the new image and stays Inactive.
A7: AF-06 | B7: Admin - File Upload | C7: Upload Feedback | D7: Verify the upload widget provides clear progress/success/error feedback | E7: On a file upload field | F7: 1. Upload a valid file 2. Observe progress indicator and success state 3. Repeat with an invalid file and observe error state | G7: N/A | H7: Clear, accurate feedback is shown for both success and error cases | I7: Low | J7: Low | K7: UI/UX | L7: N | M7: Executed | N7: PASS | O7: Valid PNG upload showed a preview and filled the asset URL, with no error.
A8: AF-07 | B8: Admin - File Upload | C8: Server-Side Type Enforcement | D8: Verify file type restrictions are enforced server-side, not only client-side | E8: API access available | F8: 1. Bypass the UI and send a disallowed file type directly to the upload API endpoint | G8: A disallowed file type via direct API call | H8: The API rejects the file; restriction is not solely client-side JavaScript | I8: High | J8: High | K8: Security | L8: N | M8: Not Executed | N8: FAIL | O8: Direct upload without login session returned Unauthorized; file type check pending.
A9: AF-08 | B9: Admin - File Upload | C9: File Deletion Handling | D9: Verify deleting a record with an attached file handles the file appropriately | E9: A record with an uploaded file exists | F9: 1. Delete the record 2. Check the uploads directory / file reference | G9: A disposable record with a file | H9: File is handled per design (removed or safely orphan-checked), with no broken references | I9: Medium | J9: Low | K9: Data Integrity | L9: N | M9: Executed | N9: PASS | O9: Test banner deleted without any errors
A10: AF-09 | B10: Admin - File Upload | C10: Duplicate Filename Handling | D10: Verify uploading two files with the same name does not cause unintended overwrite | E10: On a file upload field | F10: 1. Upload a file 2. Upload a second, different file with the identical filename | G10: Two different files sharing one filename | H10: Both files are stored correctly without one silently overwriting the other's data | I10: Medium | J10: Medium | K10: Functional | L10: N | M10: Executed | N10: PASS | O10: Two uploads with the same file name produced different asset links, so the first file was not overwritten.
A11: AF-10 | B11: Admin - File Upload | C11: Upload Under Slow Network | D11: Verify upload behaviour under simulated slow network conditions | E11: Network throttling available (e.g., DevTools) | F11: 1. Throttle network to a slow profile 2. Attempt to upload a moderately sized file | G11: A moderately sized valid file | H11: Upload completes with appropriate feedback, or fails gracefully with a retry/clear error rather than hanging indefinitely | I11: Low | J11: Low | K11: Performance | L11: N | M11: Executed | N11: PASS | O11: Image upload request returned HTTP 200 under 3G network throttling. The upload completed successfully and the application remained responsive.

Sheet Super admin 
A1: Test case | B1: Modules | C1: Sub sites | D1: Functionality | E1: Defect status | F1: Test status | G1: Tested by | H1: Defect Summary sheet | I1: Dev cag site vs Staging cag site
A2: TC_SuperAdmin_001 | B2: Home page | C2: Banners | D2: Add new Existing | E2: Pass | F2: Works | G2: Sivasri
A3: TC_SuperAdmin_002 | D3: Search keyword | E3: Pass | F3: Works | G3: Sivasri
A4: TC_SuperAdmin_003 | D4: Filter Options | E4: Pass | F4: Works | G4: Sivasri
A5: TC_SuperAdmin_004 | D5: Go & Reset | E5: Pass | F5: Works | G5: Sivasri
A6: TC_SuperAdmin_005 | D6: Page Entry | E6: Pass | F6: Works | G6: Sivasri
A7: TC_SuperAdmin_006 | D7: Edit | E7: Pass | F7: Works | G7: Sivasri
A8: TC_SuperAdmin_007 | D8: Delete | E8: Pass | F8: Works | G8: Sivasri
A9: TC_SuperAdmin_008 | D9: DB Validation
A10: TC_SuperAdmin_009 | D10: View | E10: Pass | F10: Works | G10: Sivasri
A11: TC_SuperAdmin_010 | C11: Quick Links | D11: Add new Existing | E11: Pass | F11: Works | G11: Sivasri
A12: TC_SuperAdmin_011 | D12: Live edit | E12: Pass | F12: Works | G12: Sivasri
A13: TC_SuperAdmin_012 | D13: Edit | E13: Pass | F13: Works | G13: Sivasri
A14: TC_SuperAdmin_013 | D14: Delete | E14: Pass | F14: Works | G14: Sivasri
A15: TC_SuperAdmin_014 | D15: DB Validation
A16: TC_SuperAdmin_015 | D16: View | E16: Pass | F16: Works | G16: Sivasri
A17: TC_SuperAdmin_016 | C17: Most Viewed Cards | D17: Add new Existing | E17: Fail | F17: Not Working | G17: Sivasri
A18: TC_SuperAdmin_017 | D18: Live edit | E18: Pass | F18: Works | G18: Sivasri
A19: TC_SuperAdmin_018 | D19: Edit | E19: Pass | F19: Works | G19: Sivasri
A20: TC_SuperAdmin_019 | D20: Delete | E20: Pass | F20: Works | G20: Sivasri
A21: TC_SuperAdmin_020 | D21: DB Validation
A22: TC_SuperAdmin_021 | D22: View | E22: Pass | F22: Works | G22: Sivasri
A23: TC_SuperAdmin_022 | C23: Who we are | D23: Add new Existing | E23: Fail | F23: Not Working | G23: Sivasri
A24: TC_SuperAdmin_023 | D24: Live edit | E24: Fail | F24: Not Working | G24: Sivasri
A25: TC_SuperAdmin_024 | D25: Edit narrative | E25: Pass | F25: Works | G25: Sivasri
A26: TC_SuperAdmin_025 | D26: Modify | E26: Pass | F26: Works | G26: Sivasri
A27: TC_SuperAdmin_026 | D27: Edit | E27: Fail | F27: Not Working | G27: Sivasri
A28: TC_SuperAdmin_027 | D28: Delete | E28: Pass | F28: Works | G28: Sivasri
A29: TC_SuperAdmin_028 | D29: DB Validation
A30: TC_SuperAdmin_029 | D30: View | E30: Pass | F30: Works | G30: Sivasri
A31: TC_SuperAdmin_030 | C31: Statistics | D31: Add new Existing | E31: Pass | F31: Works | G31: Sivasri
A32: TC_SuperAdmin_031 | D32: Live edit | E32: Pass | F32: Works | G32: Sivasri
A33: TC_SuperAdmin_032 | D33: Edit | E33: Pass | F33: Works | G33: Sivasri
A34: TC_SuperAdmin_033 | D34: Delete | E34: Pass | F34: Works | G34: Sivasri
A35: TC_SuperAdmin_034 | D35: DB Validation
A36: TC_SuperAdmin_035 | D36: View | E36: Pass | F36: Works | G36: Sivasri
A37: TC_SuperAdmin_036 | C37: CAG Message | D37: Save Message | E37: Pass | F37: Works | G37: Sivasri
A38: TC_SuperAdmin_037 | D38: Live edit | E38: Pass | F38: Works | G38: Sivasri
A39: TC_SuperAdmin_038 | D39: DB Validation
A40: TC_SuperAdmin_039 | C40: News & Events | D40: Add new Existing | E40: Fail | F40: Not Working | G40: Sivasri
A41: TC_SuperAdmin_040 | D41: Live edit | E41: Fail | F41: Not Working | G41: Sivasri
A42: TC_SuperAdmin_041 | D42: Edit | E42: Fail | F42: Not Working | G42: Sivasri
A43: TC_SuperAdmin_042 | D43: Delete | E43: Pass | F43: Works | G43: Sivasri
A44: TC_SuperAdmin_043 | D44: DB Validation
A45: TC_SuperAdmin_044 | D45: View | E45: Pass | F45: Works | G45: Sivasri
A46: TC_SuperAdmin_045 | B46: Reports | C46: Reports | D46: Add new Existing | E46: Passed | F46: Works | G46: Sakthi
A47: TC_SuperAdmin_046 | D47: Search keyword | E47: Passed | F47: Works | G47: Sakthi
A48: TC_SuperAdmin_047 | D48: Filter Options | E48: Passed | F48: Works | G48: Sakthi
A49: TC_SuperAdmin_048 | D49: Go & Reset | E49: Passed | F49: Works | G49: Sakthi
A50: TC_SuperAdmin_049 | D50: Page Entry | E50: Passed | F50: Works | G50: Sakthi
A51: TC_SuperAdmin_050 | D51: Edit | E51: Passed | F51: Works | G51: Sakthi
A52: TC_SuperAdmin_051 | D52: Delete | E52: Failed | F52: Not Working | G52: Sakthi
A53: TC_SuperAdmin_052 | D53: DB Validation
A54: TC_SuperAdmin_053 | D54: View | E54: Passed | F54: Works | G54: Sakthi
A55: TC_SuperAdmin_054 | C55: Accounts Management | D55: Add new Existing | E55: Passed | F55: Works | G55: Sakthi
A56: TC_SuperAdmin_055 | D56: Search keyword | E56: Passed | F56: Works | G56: Sakthi
A57: TC_SuperAdmin_056 | D57: Filter Options | E57: Passed | F57: Works | G57: Sakthi
A58: TC_SuperAdmin_057 | D58: Go & Reset | E58: Passed | F58: Works | G58: Sakthi
A59: TC_SuperAdmin_058 | D59: Page Entry | E59: Passed | F59: Works | G59: Sakthi
A60: TC_SuperAdmin_059 | D60: Edit | E60: Failed | F60: Not Working | G60: Sakthi
A61: TC_SuperAdmin_060 | D61: Delete | E61: Passed | F61: Works | G61: Sakthi
A62: TC_SuperAdmin_061 | D62: DB Validation
A63: TC_SuperAdmin_062 | D63: View | E63: Passed | F63: Works | G63: Sakthi
A64: TC_SuperAdmin_063 | B64: Our Presence-state level office | C64: State A & E Offices | D64: Add new A&E notice | E64: Failed | F64: Not Working | G64: Saraswathi
A65: TC_SuperAdmin_064 | D65: Search keyword | E65: Passed | F65: Works | G65: Saraswathi
A66: TC_SuperAdmin_065 | D66: Filter Options | E66: Passed | F66: Works | G66: Saraswathi
A67: TC_SuperAdmin_066 | D67: Go & Reset | E67: Passed | F67: works | G67: Saraswathi
A68: TC_SuperAdmin_067 | D68: Page Entry | E68: Passed | F68: works | G68: Saraswathi
A69: TC_SuperAdmin_068 | D69: Edit | E69: Failed | F69: Not Working | G69: Saraswathi
A70: TC_SuperAdmin_069 | D70: Delete | E70: Passed | F70: Works | G70: Saraswathi
A71: TC_SuperAdmin_070 | D71: DB Validation
A72: TC_SuperAdmin_071 | D72: View | E72: Failed | F72: Not Working | G72: Saraswathi
A73: TC_SuperAdmin_072 | C73: State Audit Offices | D73: Add new A&E notice | E73: Failed | F73: works | G73: Saraswathi
A74: TC_SuperAdmin_073 | D74: Search keyword | E74: Passed | F74: Passed | G74: Saraswathi
A75: TC_SuperAdmin_074 | D75: Filter Options | E75: Passed | F75: works | G75: Saraswathi
A76: TC_SuperAdmin_075 | D76: Go & Reset | E76: Passed | F76: works | G76: Saraswathi
A77: TC_SuperAdmin_076 | D77: Page Entry | E77: Passed | F77: works | G77: Saraswathi
A78: TC_SuperAdmin_077 | D78: Edit | E78: Failed | F78: Not Working | G78: Saraswathi
A79: TC_SuperAdmin_078 | D79: Delete | E79: Failed | F79: Not Working | G79: Saraswathi
A80: TC_SuperAdmin_079 | D80: DB Validation
A81: TC_SuperAdmin_080 | D81: View | E81: Passed | F81: Works | G81: Saraswathi
A82: TC_SuperAdmin_081 | B82: Our Presence-Central Audit Office | C82: Defence Audit Offices | D82: Add new A&E notice | E82: Failed | F82: works | G82: Saraswathi
A83: TC_SuperAdmin_082 | D83: Search keyword | E83: Passed | F83: works | G83: Saraswathi
A84: TC_SuperAdmin_083 | D84: Filter Options | E84: Passed | F84: works | G84: Saraswathi
A85: TC_SuperAdmin_084 | D85: Go & Reset | E85: Passed | F85: works | G85: Saraswathi
A86: TC_SuperAdmin_085 | D86: Page Entry | E86: Passed | F86: works | G86: Saraswathi
A87: TC_SuperAdmin_086 | D87: Edit | E87: Failed | F87: Not Working | G87: Saraswathi
A88: TC_SuperAdmin_087 | D88: Delete | E88: Failed | F88: Not Working | G88: Saraswathi
A89: TC_SuperAdmin_088 | D89: DB Validation
A90: TC_SuperAdmin_089 | D90: View | E90: Failed | F90: Not Working | G90: Saraswathi
A91: TC_SuperAdmin_090 | C91: Railway Audit Offices | D91: Add new A&E notice | E91: Failed | F91: Not Working | G91: Saraswathi
A92: TC_SuperAdmin_091 | D92: Search keyword | E92: Passed | F92: works | G92: Saraswathi
A93: TC_SuperAdmin_092 | D93: Filter Options | E93: Passed | F93: works | G93: Saraswathi
A94: TC_SuperAdmin_093 | D94: Go & Reset | E94: Passed | F94: works | G94: Saraswathi
A95: TC_SuperAdmin_094 | D95: Page Entry | E95: Passed | F95: works | G95: Saraswathi
A96: TC_SuperAdmin_095 | D96: Edit | E96: Failed | F96: Not Working | G96: Saraswathi
A97: TC_SuperAdmin_096 | D97: Delete | E97: Failed | F97: Not Working | G97: Saraswathi
A98: TC_SuperAdmin_097 | D98: DB Validation
A99: TC_SuperAdmin_098 | D99: View | E99: Failed | F99: Not Working | G99: Saraswathi
A100: TC_SuperAdmin_099 | C100: Other Ministries Audit Offices | D100: Add new A&E notice | E100: Failed | F100: Not Working | G100: Saraswathi
...

Sheet GR - Global Relations
A1: Test Case ID | B1: Module | C1: Feature / Component | D1: Test Scenario | E1: Preconditions | F1: Test Steps | G1: Test Data | H1: Expected Result | I1: Priority | J1: Severity | K1: Test Type | L1: Automation Candidate | M1: Status | N1: Actual Result | O1: Comments
A2: GR-01 | B2: Global Relations | C2: Admin CMS - List Screen | D2: Verify the Global Relations admin list screen matches the Figma list/CRUD pattern | E2: Admin logged in | F2: 1. Navigate to Main CAG Website > Global Relations 2. Verify the Search & Filter panel (Search For, Website, Status), Sort By/Rows-per-page, and the table columns (ID, Title, Language, Status, Created, Modified, Actions) | G2: Figma Global Relations frame | H2: List screen fields, table columns and controls match Figma exactly, or the screen is confirmed not-yet-shipped and logged as a tracked build gap | I2: High | J2: Medium | K2: Design Parity | L2: N | M2: Fail | N2: Couldn’t compare with Figma since it’s not available. The admin list has Domain and Status filters, no Language column, couldn’t find Sort By or Rows per page. | O2: Figma not available, so layout couldn’t be checked
A3: GR-02 | B3: Global Relations | C3: Admin CMS - Add New Entry | D3: Verify a new Global Relations entry (e.g., an international engagement, MOU or delegation record) can be created | E3: Admin logged in, on the Global Relations list | F3: 1. Click "+ Add New" 2. Fill all mandatory fields 3. Save | G3: Valid Global Relations entry data | H3: Entry is saved and appears in the list immediately | I3: High | J3: Medium | K3: Functional | L3: Y | M3: Fail | N3: No Add or New button on any Global Relations tab, only Live Editor. | O3: No Add or New button found on International Bodies, Bilateral Relations, Audit Engagements, or Relations Wing. Only Live Editor is available.
A4: GR-03 | B4: Global Relations | C4: Admin CMS - Edit Entry | D4: Verify an existing Global Relations entry can be edited and changes persist | E4: An entry exists | F4: 1. Open an entry for editing 2. Modify one or more fields 3. Save | G4: An existing entry | H4: Changes are saved and reflected immediately in the list and (once published) on the public site | I4: High | J4: Medium | K4: Functional | L4: Y | M4: Pass | N4: Edited paragraph saved and showed on the public page. | O4: Verified on public page.
A5: GR-04 | B5: Global Relations | C5: Admin CMS - Delete Entry | D5: Verify a Global Relations entry can be deleted | E5: A disposable test entry exists | F5: 1. Delete the entry 2. Refresh the list | G5: A disposable test entry | H5: Entry no longer appears in the list or the underlying table | I5: Medium | J5: Medium | K5: Functional | L5: Y | M5: Fail | N5: No delete option on Global Relations entries. Each row only has Live Editor, a view icon, and an external link. | O5: Delete option not available in admin, so test couldn’t be run.
A6: GR-05 | B6: Global Relations | C6: Admin CMS - Bilingual Field CRUD | D6: Verify a Global Relations entry with English and Hindi field variants saves and renders correctly | E6: Admin logged in | F6: 1. Create/edit an entry with both English and Hindi field values 2. View the entry on the public site in both languages, if published | G6: EN and HI values for the same entry | H6: Both language variants save correctly and render per the language toggle | I6: Medium | J6: Medium | K6: Design Parity | L6: N | M6: Fail | N6: Hindi version of Association with INTOSAI is empty, with no title or content. | O6: No Hindi content on this page, and no Add option to create an entry in both languages.
A7: GR-06 | B7: Global Relations | C7: Admin CMS - Search | D7: Verify searching the Global Relations list returns matching entries | E7: Multiple entries exist | F7: 1. Enter a keyword matching a known entry's title 2. Submit search | G7: A known searchable value | H7: Only matching entries are returned | I7: Medium | J7: Medium | K7: Functional | L7: Y | M7: Pass | N7: Searching “INTOSAI” returned only Association with INTOSAI (1 of 1 entries). | O7: Search returns only matching entries.
A8: GR-07 | B8: Global Relations | C8: Admin CMS - Sort & Rows Per Page | D8: Verify the Sort By and Rows-per-page controls behave correctly | E8: Multiple entries exist | F8: 1. Change Sort By 2. Change Rows per page 3. Observe list order and page size | G8: N/A | H8: List order and page size update correctly to match the selected controls | I8: Low | J8: Low | K8: Functional | L8: Y | M8: Fail | N8: No Sort By or Rows per page control on the International Bodies list. | O8: Sort controls not found on the page.
A9: GR-08 | B9: Global Relations | C9: Publishes to Public Site | D9: Verify a published Global Relations entry appears correctly on the public site | E9: An Active entry exists | F9: 1. Publish/activate an entry in Admin 2. Locate the corresponding public page or section (e.g., Our Presence > Global Relations, or a dedicated Global Relations page) and verify the entry appears | G9: A published entry | H9: The entry displays correctly on the public site with accurate content | I9: High | J9: Medium | K9: Functional | L9: N | M9: Fail | N9: Contents displays correctly but the formatting doesn’t match Figma | O9: Tested on existing entry (admin access pending); mega menu missing Training Institutes and Contact columns.
A10: GR-09 | B10: Global Relations | C10: External Link Validation | D10: Verify external links referenced in Global Relations content (e.g., INTOSAI, ASOSAI) resolve correctly | E10: An entry with an external link | F10: 1. Open the published entry on the public site 2. Click each external link | G10: A Global Relations entry linking to INTOSAI/ASOSAI | H10: Each link opens the correct external destination, ideally in a new tab | I10: Low | J10: Low | K10: Functional | L10: N | M10: Fail | N10: INTOSAI links work except PFAC (domain not found); all 15 ASOSAI speech PDFs broken (CloudFront domain not found); ASOSAI image links redirected to 404. | O10: asosaijournal.org down on their server (retest later); external links open in new tab as expected.
A11: GR-10 | B11: Global Relations | C11: Empty State | D11: Verify the admin list and public section handle having no entries gracefully | E11: No Global Relations entries exist (test data) | F11: 1. Load the admin list with zero entries 2. Load the corresponding public section | G11: An empty dataset | H11: Both surfaces show an appropriate empty-state message rather than an error or blank area | I11: Low | J11: Medium | K11: Functional | L11: N | M11: Fail | N11: Admin list shows “No records found” for a search with no matches. Public search shows “No reports matching current search filters.” | O11: Couldn’t test a Global Relations section with zero entries, since all sections have data. The public message is from the Reports search, not a Global Relations page.

Sheet RL - Resources & Library
A1: Test Case ID | B1: Module | C1: Feature / Component | D1: Test Scenario | E1: Preconditions | F1: Test Steps | G1: Test Data | H1: Expected Result | I1: Priority | J1: Severity | K1: Test Type | L1: Automation Candidate | M1: Status | N1: Actual Result | O1: Comments
A2: RL-01 | B2: Resources & Library | C2: Landing Page | D2: Verify Resources & Library page displays all 4 categories | E2: Resources page accessible | F2: 1. Navigate to Resources & Library 2. Verify Audit Manuals, Guidance Notes, Gazette Notifications and Departmental Circulars are listed | G2: N/A | H2: All 4 categories display with correct labels | I2: High | J2: Medium | K2: Functional | L2: Y | M2: Executed | N2: Pass | O2: All the 4 categories can be viewed and accessed properly
A3: RL-02 | B3: Resources & Library | C3: Category Listing | D3: Verify each category lists its documents correctly | E3: Documents seeded per category | F3: 1. Open each of the 4 categories in turn 2. Inspect the list of documents | G3: N/A | H3: Each category shows its correct set of documents with titles and dates | I3: Medium | J3: Medium | K3: Functional | L3: Y | M3: Executed | N3: Fail | O3: Junk test entries visible, no dates or file sizes, Archive/Search/Filter missing and also the layout doesn’t match Figma.
A4: RL-03 | B4: Resources & Library | C4: Document Download | D4: Verify documents download and open correctly | E4: At least one document per category exists | F4: 1. Download one document from each category 2. Open the downloaded file | G4: N/A | H4: Each file downloads successfully and opens without corruption | I4: High | J4: Medium | K4: Functional | L4: N | M4: Executed | N4: Fail | O4: All PDFs fail to open; file links point to cloudfront.net
A5: RL-04 | B5: Resources & Library | C5: Tenders Sub-Page | D5: Verify the Tenders sub-page lists current tenders with correct details | E5: Tender data seeded | F5: 1. Navigate to Resources > Tenders 2. Inspect tender entries for dates/details | G5: N/A | H5: Tenders display with correct titles, dates and reference details | I5: Medium | J5: Medium | K5: Functional | L5: Y | M5: Executed | N5: Fail | O5: The subsite does not even exists on the page
A6: RL-05 | B6: Resources & Library | D6: Verify the Circulars sub-page lists departmental circulars correctly | E6: Circular data seeded | F6: 1. Navigate to Resources > Circulars 2. Inspect circular entries | G6: N/A | H6: Circulars display correctly with accurate titles and dates | I6: Medium | J6: Medium | K6: Functional | L6: Y | M6: Executed | N6: Fail | O6: The subsite does not even exists on the page
A7: RL-06 | B7: Resources & Library | C7: Search/Filter | D7: Verify any search or filter on Resources narrows results correctly | E7: Resources page loaded | F7: 1. Enter a search term or apply a filter, if available 2. Inspect filtered results | G7: A known document title fragment | H7: Only matching documents are returned | I7: Low | J7: Low | K7: Functional | L7: N | M7: Executed | N7: Fail | O7: Search goes to Reports only, results don’t match the search term, and there’s no search bar on Resources pages.
A8: RL-07 | B8: Resources & Library | C8: Bilingual Content | D8: Verify category names and document titles translate correctly | E8: Resources page loaded | F8: 1. Toggle language to Hindi 2. Inspect category names and document titles | G8: N/A | H8: All labels translate correctly with no untranslated remnants | I8: Medium | J8: Medium | K8: Localization | L8: N | M8: Executed | N8: Fail | O8: Labels translate to Hindi but document titles stay in English.
A9: RL-08 | B9: Resources & Library | C9: Empty Category State | D9: Verify a category with no documents shows an appropriate empty state | E9: A category temporarily has zero documents (test data) | F9: 1. Navigate to a category with no seeded documents 2. Observe the display | G9: An empty category | H9: An appropriate 'no documents available' message displays rather than an error or blank page | I9: Low | J9: Medium | K9: Functional | L9: N | M9: Executed | N9: Fail | O9: Couldn't find an empty Resources category, so the empty state wasn't tested directly.
A11: RESOURCES
A13: Module Name | B13: Subsite Name | C13: Expected Result | D13: Actual Result | E13: Link | F13: Screenshot | G13: Developer comment
A14: Policies | B14: Recruitment Policy | C14: The pdf documents on the page need to be viewed and downloaded | D14: The redirected page whenever you click on the pdf download displays 404 not found and the page looks completely from figma design given | E14: http://13.202.245.81:3000/Resources/Recruitment-Policy | G14: Working
B15: Citizen Charter | C15: The page has to load/work accurately | D15: WORKING but there is a few more content on the figma design given below the page | E15: http://13.202.245.81:3000/Resources/Citizen-Charter | G15: Working
B16: Right to Information Policy | C16: The pdf documents on the page need to be viewed and downloaded | D16: The redirected page whenever you click on the pdf download displays 404 not found and the page looks completely from figma design given | E16: http://13.202.245.81:3000/Resources/Right-to-Information-Policy | G16: Working
B17: Administrative Information Policy | E17: http://13.202.245.81:3000/Resources/Administrative-Information-Policy | G17: Working
B18: Social Media Policy | E18: http://13.202.245.81:3000/Resources/Social-Media-Policy | G18: Working
B19: PIDPI Policy for Circulation | E19: http://13.202.245.81:3000/Resources/PIDPI-Policy-for-Circulation | G19: Working
A20: Publications | B20: Annual Report | C20: The pdf documents on the page need to be viewed and downloaded | D20: The redirected page whenever you click on the pdf download displays 404 not found and the page looks completely from figma design given | E20: http://13.202.245.81:3000/Resources/Annual-Report | G20: Working
B21: Peer Review Report | E21: http://13.202.245.81:3000/Resources/Peer-Review-Report | G21: Working
B22: Status of Accounts of State PSUs | E22: http://13.202.245.81:3000/Resources/Status-of-Accounts-of-State-PSUs | G22: Working
B23: Study Reports and Compedia | E23: http://13.202.245.81:3000/Resources/Study-Reports-and-Compendia | G23: Working
B24: Rajbasha e-Patrika | E24: http://13.202.245.81:3000/Resources/Rajbhasha-e-Patrika | G24: Working
A25: Standard and Guidance | B25: Standing Orders | C25: The pdf documents on the page need to be viewed and downloaded | D25: The redirected page whenever you click on the pdf download displays 404 not found and the page looks completely from figma design given | E25: http://13.202.245.81:3000/Resources/Standing-Orders | G25: Working
B26: Guidelines | E26: http://13.202.245.81:3000/Resources/Guidelines | G26: Working
B27: Guidance Notes and Practice Guides | E27: http://13.202.245.81:3000/Resources/Guidance-Notes | G27: Working
B28: Manuals | E28: http://13.202.245.81:3000/Resources/Manuals | G28: Working
A29: Media and Archives | B29: Press Releases | C29: The pdf documents on the page need to be viewed and downloaded | D29: The redirected page whenever you click on the pdf download displays 404 not found and the page looks completely from figma design given | E29: http://13.202.245.81:3000/Resources/Press-Releases | G29: Working
B30: Speeches | E30: http://13.202.245.81:3000/Resources/Speeches | G30: Working
B31: Photo Gallery | C31: The pictures that are uploaded on the site should be viewed clearly | D31: The pictures that are uploded on the site are not loaded and the page looks completely from figma design given | E31: http://13.202.245.81:3000/Resources/Photo-Gallery | F31: #VALUE! | G31: Working
B32: Video Gallery | C32: The videos that are uploaded on the site should be viewed clearly | D32: The videos on the page are different from how it looks on figma and the uploaded videos are same | E32: http://13.202.245.81:3000/Resources/Video-Gallery | G32: Working

Sheet HP - Home Page
A1: Test Case ID | B1: Module | C1: Feature / Component | D1: Test Scenario | E1: Preconditions | F1: Test Steps | G1: Test Data | H1: Expected Result | I1: Priority | J1: Severity | K1: Test Type | L1: Automation Candidate | M1: Status | N1: Actual Result | O1: Comments
A2: HP-01 | B2: Home Page | C2: Hero Banner | D2: Verify hero banner content and imagery load correctly | E2: Homepage is accessible | F2: 1. Navigate to http://13.202.245.81:3001/ 2. Observe the hero section | G2: N/A | H2: Hero banner displays site title, tagline and banner image with no layout shift or missing assets | I2: High | J2: Medium | K2: UI/UX | L2: Y | M2: Executed | N2: Fail | O2: Homepage banner images are displaying incorrect screenshots
A3: HP-02 | B3: Home Page | C3: Stats Section | D3: Verify homepage statistics reflect data from /api/home | E3: Backend reachable | F3: 1. Load homepage 2. Compare displayed stats (e.g., report counts) to /api/home response | G3: GET /api/home response | H3: Displayed statistics match the API payload exactly | I3: High | J3: Medium | K3: Functional | L3: Y | M3: Executed | N3: Pass
A4: HP-03 | B4: Home Page | C4: CAG Message Section | D4: Verify CAG message/quote section renders with correct attribution | E4: Homepage is accessible | F4: 1. Load homepage 2. Scroll to CAG message section | G4: N/A | H4: Message text and attribution display correctly with no truncation | I4: Medium | J4: Low | K4: Functional | L4: N | M4: Executed | N4: Pass
A5: HP-04 | B5: Home Page | C5: Highlights / News | D5: Verify latest news/highlight cards render sorted by date | E5: At least 3 news items exist | F5: 1. Load homepage 2. Inspect highlight cards 3. Compare order to /api/news dates | G5: Seeded news items | H5: Cards display newest-first and each links to the correct detail page | I5: Medium | J5: Medium | K5: Functional | L5: Y | M5: Executed | N5: Pass
A6: HP-05 | B6: Home Page | C6: Navigation Entry Points | D6: Verify homepage quick-link cards navigate to the correct destination pages | E6: Homepage is accessible | F6: 1. Click each homepage quick-link card (e.g., Reports, About Us) 2. Verify destination page | G6: N/A | H6: Each card navigates to its intended page with no dead links | I6: High | J6: Medium | K6: Functional | L6: Y | M6: Executed | N6: Pass
A7: HP-06 | B7: Home Page | C7: Responsiveness | D7: Verify homepage layout adapts across breakpoints | E7: Homepage is accessible | F7: 1. Load homepage at 1920x1080, 1366x768, 768x1024 and 375x667 2. Inspect layout at each width | G7: N/A | H7: No overlapping elements, text truncation, or horizontal scroll at any breakpoint | I7: High | J7: Medium | K7: UI/UX | L7: N | M7: Executed | N7: Pass
A8: HP-07 | B8: Home Page | C8: Bilingual Toggle | D8: Verify homepage content toggles correctly between English and Hindi | E8: Homepage is accessible | F8: 1. Load homepage in English 2. Toggle language to Hindi 3. Inspect hero, stats, message and highlights | G8: N/A | H8: All homepage text switches to Hindi (Devanagari renders correctly); no leftover English fallback strings | I8: High | J8: Medium | K8: Localization | L8: N | M8: Executed | N8: Pass
A9: HP-08 | B9: Home Page | C9: Load Performance | D9: Measure homepage initial load time | E9: Normal network conditions | F9: 1. Clear cache 2. Load homepage 3. Capture load time via browser DevTools Network/Performance tab | G9: N/A | H9: Homepage First Contentful Paint completes within an agreed baseline (e.g., <3s) with no console errors | I9: Medium | J9: Low | K9: Performance | L9: N | M9: Executed | N9: Pass
A10: HP-09 | B10: Home Page | C10: Broken Asset Check | D10: Verify no broken images or links on the homepage | E10: Homepage is accessible | F10: 1. Load homepage 2. Inspect Network tab for 404/failed requests 3. Click every visible link | G10: N/A | H10: No 404s for images/scripts and no dead links | I10: Medium | J10: Medium | K10: Functional | L10: Y | M10: Executed | N10: Pass
A11: HP-10 | B11: Home Page | C11: Backend Fallback | D11: Verify homepage falls back gracefully when the backend API is unreachable | E11: Ability to simulate backend outage | F11: 1. Stop/block the backend API 2. Load homepage 3. Observe rendered content | G11: N/A | H11: Homepage renders using dataManager.ts mock/fallback data instead of crashing or showing a blank page | I11: Medium | J11: High | K11: Data Integrity | L11: N | M11: Executed | N11: Pass

Sheet AU - About Us
A1: Test Case ID | B1: Module | C1: Feature / Component | D1: Test Scenario | E1: Preconditions | F1: Test Steps | G1: Test Data | H1: Expected Result | I1: Priority | J1: Severity | K1: Test Type | L1: Automation Candidate | M1: Status | N1: Actual Result | O1: Comments | P1: Screenshots
A2: AU-01 | B2: About Us | C2: Landing Page | D2: Verify About Us landing page lists all 11 sub-category links | E2: Homepage is accessible | F2: 1. Navigate to About Us 2. Count and verify all 11 sub-category links are present and correctly labelled | G2: N/A | H2: All 11 sub-categories are listed with correct labels and working links | I2: High | J2: Medium | K2: Functional | L2: Y | M2: Executed | N2: PASS
A3: AU-02 | B3: About Us | C3: Sub-Page Navigation | D3: Verify each About Us sub-category page loads correctly | E3: On About Us landing page | F3: 1. Click each of the 11 sub-category links in turn 2. Verify the corresponding page loads with relevant content | G3: N/A | H3: Every sub-page loads without error and displays content relevant to its label | I3: High | J3: Medium | K3: Functional | L3: Y | M3: Executed | N3: PASS
A4: AU-03 | B4: About Us | C4: Sidebar Navigation | D4: Verify the About Us sidebar (AboutusSidemenu) highlights the active section | E4: On any About Us sub-page | F4: 1. Open a sub-page 2. Observe the sidebar 3. Click a different sidebar item | G4: N/A | H4: Sidebar correctly highlights the current section and switching sections updates the highlight and content | I4: Medium | J4: Low | K4: UI/UX | L4: N | M4: Executed | N4: PASS
A5: AU-04 | B5: About Us | C5: Former CAGs Gallery | D5: Verify the Former CAGs gallery displays historical entries correctly | E5: Former CAG data seeded | F5: 1. Navigate to Former CAGs Gallery 2. Inspect each entry for name, tenure and photo | G5: Seeded former CAG records | H5: Every former CAG displays a name, tenure and photo with no missing images | I5: Medium | J5: Medium | K5: Functional | L5: N | M5: Executed | N5: PASS
A6: AU-05 | B6: About Us | C6: Organisation Chart Rendering | D6: Verify the hierarchical officer tree renders with expandable/collapsible nodes | E6: Organisation chart data seeded | F6: 1. Navigate to Organisation Chart 2. Expand and collapse nodes at multiple tiers | G6: N/A | H6: Tree renders correctly with CAG/DCAG/DGA/PAG tiers and nodes expand/collapse without error | I6: High | J6: Medium | K6: Functional | L6: N | M6: Executed | N6: Failed | O6: When clicking on the first two officers in the Organisation Chart, the details popup opens, but the email, contact number, and reporting officer information are not displaying. | P6: #VALUE!
A7: AU-06 | B7: About Us | C7: Organisation Chart Data Accuracy | D7: Verify officer tree data matches the /api/organisation-chart response | E7: Organisation chart data seeded | F7: 1. Call GET /api/organisation-chart 2. Compare hierarchy and officer details to what is rendered on-screen | G7: API response payload | H7: Rendered tree matches the API data exactly, including parent-child relationships | I7: Medium | J7: Medium | K7: Data Integrity | L7: Y | M7: Not Executed
A8: AU-07 | B8: About Us | C8: Advisory Board | D8: Verify Advisory Board Member cards distinguish internal vs external roles | E8: Advisory board data seeded | F8: 1. Navigate to Advisory Board page 2. Inspect each member card | G8: Seeded advisory board members | H8: Each card correctly indicates internal/external role and displays complete member details | I8: Low | J8: Low | K8: Functional | L8: N | M8: Executed | N8: PASS
A9: AU-08 | B9: About Us | C9: Bilingual Content | D9: Verify all About Us sub-pages translate correctly between English and Hindi | E9: On any About Us sub-page | F9: 1. Toggle language to Hindi on each of the 11 sub-pages 2. Inspect translated content | G9: N/A | H9: All content translates correctly with no untranslated English remnants | I9: High | J9: Medium | K9: Localization | L9: N | M9: Executed | N9: Failed | O9: Hindi translation is incomplete; English text is displayed on the Duties & Powers Act and Constitutional Provisions pages. | P9: #VALUE!
A10: AU-09 | B10: About Us | C10: Breadcrumb Accuracy | D10: Verify breadcrumb trail updates correctly within About Us | E10: On an About Us sub-page | F10: 1. Navigate Home > About Us > a sub-page 2. Inspect the breadcrumb trail | G10: N/A | H10: Breadcrumb accurately reflects the navigation path and each crumb is clickable | I10: Medium | J10: Low | K10: UI/UX | L10: Y | M10: Executed | N10: PASS
A11: AU-10 | B11: About Us | C11: Deep Link Access | D11: Verify an About Us sub-page loads correctly via direct URL | E11: Sub-page URL known | F11: 1. Open a sub-page URL directly in a new browser tab (no prior navigation) | G11: Direct sub-page URL | H11: Page loads correctly with full layout (header/footer/sidebar) rather than a partial or broken view | I11: Medium | J11: Medium | K11: Functional | L11: Y | M11: Executed | N11: PASS
A12: AU-11 | B12: About Us | C12: Organisation Chart Node Details | D12: Verify node details tooltip displays fully without screen clipping on hover | E12: Organisation Chart page is loaded with rendered officer nodes | F12: 1. Navigate to Organisation Chart page 2. Hover the mouse cursor over any officer card (e.g., Secretary to CAG) 3. Inspect the popover modal/tooltip position and text visibility | G12: N/A | H12: The details popover should render completely within the viewport, displaying full email, contact number, and reporting details without being cropped or hidden behind elements. | I12: Medium | J12: Low | K12: UI/UX | L12: Y | M12: Executed | N12: PASS
A13: AU-12 | B13: About Us | C13: Index Page – Overview | D13: Verify the Overview index page lists and links its child pages | E13: Public site accessible | F13: 1. Open About Us > Overview 2. Click each child card/link | G13: N/A | H13: Index page lists its child pages; every link opens the correct page | I13: Medium | J13: Medium | K13: Functional | L13: Y | M13: Executed | N13: PASS
A14: AU-13 | B14: About Us | C14: Index Page – Governance & Mandate | D14: Verify the Governance & Mandate index page lists and links its child pages | E14: Public site accessible | F14: 1. Open About Us > Governance & Mandate 2. Click each child link (Constitutional Provisions, Duties & Powers Act, Audit Regulation etc.) | G14: N/A | H14: All child pages are listed and open correctly | I14: Medium | J14: Medium | K14: Functional | L14: Y | M14: Executed | N14: PASS
A15: AU-14 | B15: About Us | C15: Index Page – Leadership & Legacy | D15: Verify the Leadership & Legacy index page lists and links its child pages | E15: Public site accessible | F15: 1. Open About Us > Leadership & Legacy 2. Click each child link (CAG of India, Former CAGs, Organisation Chart etc.) | G15: N/A | H15: All child pages are listed and open correctly | I15: Medium | J15: Medium | K15: Functional | L15: Y | M15: Executed | N15: PASS
A16: AU-15 | B16: About Us | C16: Index Page – Global Relations | D16: Verify the Global Relations index page lists international bodies and bilateral relations | E16: Public site accessible | F16: 1. Open About Us > Global Relations / International Relations 2. Review the grouping of countries and bodies | G16: N/A | H16: International bodies and bilateral relations are listed and grouped as configured in Admin > Global Relations | I16: High | J16: Medium | K16: Functional | L16: Y | M16: Not Executed | O16: Not available in about us, there is a separate module named as global relation in new site.
A17: AU-16 | B17: About Us | C17: Country / Body Detail Page | D17: Verify the detail page for a country and for an international body | E17: At least one country and one body published | F17: 1. From Global Relations, open a bilateral partner country 2. Go back and open an international body (e.g. INTOSAI) | G17: One country, one body | H17: Detail page shows name, flag/logo, description, engagement/MoU details and related documents; breadcrumb shows Global Relations > <item> | I17: High | J17: Medium | K17: Functional | L17: N | M17: Not Executed | O17: Not available in about us, there is a separate module named as global relation in new site.
A18: AU-17 | B18: About Us | C18: Detail Page – Invalid Slug | D18: Verify a non-existent country/body slug is handled gracefully | E18: Public site accessible | F18: 1. Open a country detail page 2. Replace the slug in the URL with a random value | G18: Slug: zzzz-invalid | H18: Friendly 404 page displays; no empty template or server error | I18: Medium | J18: Medium | K18: Functional | L18: Y | M18: Not Executed | O18: Not available in about us, there is a separate module named as global relation in new site.
A19: AU-18 | B19: About Us | C19: About Page Documents | D19: Verify documents linked on Constitutional Provisions and Duties & Powers Act open correctly | E19: Public site accessible | F19: 1. Open Constitutional Provisions and Duties & Powers Act 2. Click each PDF/document link | G19: N/A | H19: Each document opens or downloads without a 404; file type and size are indicated | I19: Medium | J19: Medium | K19: Functional | L19: Y | M19: Executed | N19: FAIL | O19: No documents are available under Constitutional Provisions and Duties & Powers Act on the new website. Under Audit Regulations, clicking View PDF displays a download option, but clicking Download redirects to cag.gov.in and displays a 404 Not Found | P19: #VALUE!

Sheet OP - Our Presence
A1: Test Case ID | B1: Module | C1: Feature / Component | D1: Test Scenario | E1: Preconditions | F1: Test Steps | G1: Test Data | H1: Expected Result | I1: Priority | J1: Severity | K1: Test Type | L1: Automation Candidate | M1: Status | N1: Actual Result | O1: Comments | P1: Screen Shots
A2: OP-01 | B2: Our Presence | C2: Pin-Map Load | D2: Verify the interactive office pin-map loads with all documented office pins | E2: Office data seeded with lat/lng | F2: 1. Navigate to Our Presence > State Offices Pin-Map 2. Count visible pins | G2: N/A | H2: Map loads and displays a pin for every office in the dataset | I2: High | J2: Medium | K2: Functional | L2: N | M2: Executed | N2: Pass
A3: OP-02 | B3: Our Presence | C3: Pin-Map Interaction | D3: Verify clicking a pin shows office details | E3: Pin-map loaded | F3: 1. Click a pin 2. Observe popup/tooltip | G3: A known office pin | H3: Popup displays office name, address and type correctly | I3: High | J3: Medium | K3: Functional | L3: N | M3: Executed | N3: Partial Pass
A4: OP-03 | B4: Our Presence | C4: Pin-Map Geolocation Accuracy | D4: Verify pin coordinates match known office locations | E4: Pin-map loaded | F4: 1. Select a sample of 5 offices across different states 2. Compare each pin's map position to the office's known city/location | G4: 5 sample offices | H4: Each pin is positioned at the correct geographic location within reasonable tolerance | I4: Medium | J4: Medium | K4: Data Integrity | L4: N | M4: Executed | N4: Pass
A5: OP-04 | B5: Our Presence | C5: Central Audit Offices List | D5: Verify the Central Audit Offices sub-page lists all central-level offices correctly | E5: Central office data seeded | F5: 1. Navigate to Our Presence > Central Audit Offices 2. Inspect list details | G5: N/A | H5: All central-level offices display with correct names and details | I5: Medium | J5: Medium | K5: Functional | L5: Y | M5: Executed | N5: Partial Pass
A6: OP-05 | B6: Our Presence | C6: State-Level Offices List | D6: Verify the State-Level Offices sub-page lists State Accountant General offices correctly | E6: State office data seeded | F6: 1. Navigate to Our Presence > State-Level Offices 2. Inspect list details | G6: N/A | H6: All state-level offices display with correct names and details | I6: Medium | J6: Medium | K6: Functional | L6: Y | M6: Executed | N6: Pass
A7: OP-06 | B7: Our Presence | C7: Training Institutes List | D7: Verify the Training Institutes sub-page lists NAAA and regional centres correctly | E7: Training institute data seeded | F7: 1. Navigate to Our Presence > Training Institutes 2. Inspect list details | G7: N/A | H7: NAAA and all regional training centres display correctly | I7: Low | J7: Low | K7: Functional | L7: Y | M7: Executed | N7: Pass
A8: OP-07 | B8: Our Presence | C8: Sub-Page Navigation | D8: Verify all 4 Our Presence sub-pages are reachable from the menu | E8: Our Presence menu available | F8: 1. Open Our Presence menu 2. Navigate to each of the 4 sub-pages in turn | G8: N/A | H8: All 4 sub-pages (pin-map, central, state-level, training) load correctly from the menu | I8: Medium | J8: Medium | K8: Functional | L8: Y | M8: Executed | N8: Pass
A9: OP-08 | B9: Our Presence | C9: Pin-Map Responsiveness | D9: Verify the pin-map remains interactive on smaller viewports | E9: Pin-map loaded | F9: 1. Load the pin-map at tablet (768x1024) and mobile (375x667) widths 2. Attempt to pan/zoom and click a pin | G9: N/A | H9: Map remains usable and pins remain clickable at both viewport sizes | I9: Medium | J9: Medium | K9: UI/UX | L9: N | M9: Executed | N9: Pass
A10: OP-09 | B10: Our Presence | C10: Pin-Map Accessibility | D10: Verify a non-visual alternative exists for map content | E10: Pin-map loaded | F10: 1. Navigate the pin-map area using a screen reader 2. Check for an accessible list-view fallback or ARIA labelling on pins | G10: N/A | H10: Screen-reader users can access equivalent office information via alt text or a list-view fallback | I10: Medium | J10: Medium | K10: Accessibility | L10: N | M10: Executed | N10: Pass
A11: OP-10 | B11: Our Presence | C11: Bilingual Content | D11: Verify Our Presence content translates correctly between English and Hindi | E11: On any Our Presence sub-page | F11: 1. Toggle language to Hindi 2. Inspect office names, addresses and labels | G11: N/A | H11: All text translates correctly with no untranslated remnants | I11: Medium | J11: Medium | K11: Localization | L11: N | M11: Executed | N11: Fail | O11: The subcategories under Our Presence in the side panel are not translated into Hindi.

Sheet CT - Contact
A1: Test Case ID | B1: Module | C1: Feature / Component | D1: Test Scenario | E1: Preconditions | F1: Test Steps | G1: Test Data | H1: Expected Result | I1: Priority | J1: Severity | K1: Test Type | L1: Automation Candidate | M1: Status | N1: Actual Result | O1: Comments
A2: CT-01 | B2: Contact | C2: Admin CMS - Messages List Screen | D2: Verify the Contact admin screen lists incoming messages/complaints per the Figma design | E2: Admin logged in; at least one contact submission exists | F2: 1. Navigate to Main CAG Website > Contact 2. Verify the Search & Filter panel (Search For, Status, Date range) and table columns (ID, Name, Email, Subject, Status, Received Date, Actions) | G2: Figma Contact frame | H2: List screen fields and table columns match Figma exactly, or the screen is confirmed not-yet-shipped and logged as a tracked build gap | I2: High | J2: Medium | K2: Design Parity | L2: N | M2: Execute | N2: Fail
A3: CT-02 | B3: Contact | C3: View Message Detail | D3: Verify opening a message shows its full detail correctly | E3: A contact submission exists | F3: 1. Click a message in the list 2. Verify sender name, email, subject and full message body display | G3: A known contact submission | H3: All submitted details display accurately and completely | I3: High | J3: Medium | K3: Functional | L3: N | M3: Executed | N3: Fail
A4: CT-03 | B4: Contact | C4: Update Message Status | D4: Verify a message's status can be progressed (e.g., New → In Progress → Resolved) | E4: A message exists | F4: 1. Open a message 2. Change its status 3. Save 4. Refresh the list | G4: A known message | H4: Status updates correctly and persists; the list reflects the new status | I4: High | J4: Medium | K4: Functional | L4: Y | M4: Executed | N4: Fail
A5: CT-04 | B5: Contact | C5: Reply to Message | D5: Verify an admin can respond to a contact message, if the feature is supported | E5: A message exists | F5: 1. Open a message 2. Compose and send a reply, if a reply feature exists | G5: A known message and a reply body | H5: Reply is sent/recorded correctly, or the feature's absence is confirmed and out of scope | I5: Medium | J5: Low | K5: Functional | L5: N | M5: Executed | N5: Fail
A6: CT-05 | B6: Contact | C6: Delete Message | D6: Verify a message/complaint can be deleted | E6: A disposable test submission exists | F6: 1. Delete the message from the list 2. Refresh the list | G6: A disposable test submission | H6: Message no longer appears in the list or underlying table | I6: Medium | J6: Medium | K6: Functional | L6: Y | M6: Executed | N6: Fail
A7: CT-06 | B7: Contact | C7: Search Messages | D7: Verify searching the Contact list returns matching messages | E7: Multiple messages exist | F7: 1. Enter a keyword matching a known sender name or subject 2. Submit search | G7: A known searchable value | H7: Only matching messages are returned | I7: Medium | J7: Medium | K7: Functional | L7: Y | M7: Executed | N7: Fail
A8: CT-07 | B8: Contact | C8: Sort & Rows Per Page | D8: Verify messages can be sorted (e.g., by date) and the Rows-per-page control works | E8: Multiple messages exist | F8: 1. Sort by newest/oldest 2. Change Rows per page | G8: N/A | H8: Messages reorder correctly and page size updates as selected | I8: Low | J8: Low | K8: Functional | L8: Y | M8: Executed | N8: Fail
A9: CT-08 | B9: Contact | C9: Reconcile with Dashboard KPI | D9: Verify the count of open (New) messages matches the Dashboard's Pending Complaints KPI | E9: A known number of New-status messages | F9: 1. Count messages with Status = New in the Contact list 2. Compare to the Dashboard's Pending Complaints card | G9: A known count of New messages | H9: The two counts match exactly | I9: High | J9: High | K9: Data Integrity | L9: N | M9: Executed | N9: Fail
A10: CT-09 | B10: Contact | C10: Public Contact Form Submission | D10: Verify submitting the public Contact Us form creates a corresponding admin record | E10: Public Contact Us page accessible | F10: 1. Fill out and submit the public Contact Us form with valid data 2. Check the Admin Contact list for the new submission | G10: Valid name/email/subject/message | H10: A new message appears in the Admin list with Status = New and accurate submitted details | I10: High | J10: Medium | K10: Functional | L10: N | M10: Executed | N10: Fail
A11: CT-10 | B11: Contact | C11: Public Contact Form Validation | D11: Verify the public Contact Us form validates required fields and email format | E11: Public Contact Us page accessible | F11: 1. Submit the form with required fields empty 2. Submit the form with an invalid email format | G11: Empty fields; an invalid email string | H11: Validation errors display for both cases; no record is created for invalid submissions | I11: Medium | J11: Medium | K11: Functional | L11: Y | M11: Executed | N11: Pass
A12: CT-11 | B12: Contact | C12: Empty State | D12: Verify the admin Contact list handles having no messages gracefully | E12: No messages exist (test data) | F12: 1. Load the admin Contact list with zero messages | G12: An empty dataset | H12: An appropriate empty-state message displays rather than an error or blank area | I12: Low | J12: Low | K12: Functional | L12: N | M12: Executed | N12: Fail

Sheet CE - Careers & Engagement
A1: Test Case ID | B1: Module | C1: Feature / Component | D1: Test Scenario | E1: Preconditions | F1: Test Steps | G1: Test Data | H1: Expected Result | I1: Priority | J1: Severity | K1: Test Type | L1: Automation Candidate | M1: Status | N1: Actual Result | O1: Comments
A2: CE-01 | B2: Careers & Engagement | C2: Page Load | D2: Verify Careers & Engagement page displays all recruitment pathways | E2: Homepage is accessible | F2: 1. Navigate to Careers & Engagement 2. Verify IA&AS, SSC CGL and Young Professionals sections are present | G2: N/A | H2: All three recruitment pathway sections display with content | I2: High | J2: Medium | K2: Functional | L2: Y | M2: Not Executed | N2: FAIL
A3: CE-02 | B3: Careers & Engagement | C3: Recruitment Card Content | D3: Verify each recruitment card shows correct description and any application link | E3: Careers page loaded | F3: 1. Inspect each recruitment card's description and linked URL, if any | G3: N/A | H3: Descriptions are accurate and complete; any application link is correct | I3: Medium | J3: Medium | K3: Functional | L3: N | M3: Not Executed | N3: FAIL
A4: CE-03 | B4: Careers & Engagement | C4: External Links | D4: Verify external application links open correctly in a new tab | E4: A recruitment card has an external link | F4: 1. Click an external application link 2. Observe resulting tab/window | G4: N/A | H4: Link opens the correct external destination in a new tab without breaking the CAG site | I4: Medium | J4: Low | K4: Functional | L4: N | M4: Not Executed | N4: FAIL
A5: CE-04 | B5: Careers & Engagement | C5: Bilingual Content | D5: Verify recruitment card content translates correctly | E5: Careers page loaded | F5: 1. Toggle language to Hindi 2. Inspect each recruitment card | G5: N/A | H5: All card content translates correctly with no untranslated remnants | I5: Medium | J5: Medium | K5: Localization | L5: N | M5: Not Executed | N5: FAIL
A6: CE-05 | B6: Careers & Engagement | C6: Responsiveness | D6: Verify recruitment cards reflow correctly on smaller viewports | E6: Careers page loaded | F6: 1. Load page at tablet and mobile widths 2. Inspect card layout | G6: N/A | H6: Cards stack/reflow cleanly with no overlap or clipped text | I6: Medium | J6: Low | K6: UI/UX | L6: N | M6: Not Executed | N6: FAIL
A7: CE-06 | B7: Careers & Engagement | C7: Content Freshness | D7: Verify careers content reflects currently active openings | E7: Recruitment/tenders module has current data | F7: 1. Compare displayed openings against the Admin CMS recruitment/tenders records | G7: N/A | H7: Displayed openings match current CMS-managed data; no stale/expired postings shown | I7: Medium | J7: Medium | K7: Functional | L7: N | M7: Not Executed | N7: FAIL
A8: CE-07 | B8: Careers & Engagement | C8: Menu Navigation | D8: Verify the Careers menu item is reachable and highlights as active | E8: On any public page | F8: 1. Click Careers in the main navigation 2. Observe menu highlight state | G8: N/A | H8: Careers page loads and the menu item shows an active/selected state | I8: Medium | J8: Low | K8: UI/UX | L8: Y | M8: Not Executed | N8: FAIL
A9: CE-08 | B9: Careers & Engagement | C9: Broken Link Check | D9: Verify no broken links or missing assets on the Careers page | E9: Careers page loaded | F9: 1. Inspect Network tab for 404s 2. Click through every visible link | G9: N/A | H9: No 404 errors and all links resolve correctly | I9: Low | J9: Medium | K9: Functional | L9: Y | M9: Not Executed | N9: FAIL
A13: Test case | B13: Modules | C13: Functionalities | D13: Test status
A14: TS_01 | B14: Careers & Engagement | C14: Font Size | D14: Pass
A15: TS_02 | C15: Dark and light Mode | D15: Pass
A16: TS_03 | C16: Language switching | D16: Fail
A17: TS_04 | C17: searchbar | D17: Pass
A18: TS_05 | C18: page navigations | D18: Pass
A19: TS_06 | C19: View PDF | D19: Fail
A20: TS_07 | C20: Screen reader | D20: Pass
A21: TS_08 | C21: Bread crums | D21: Pass

Sheet NM - News & Media
A1: Test Case ID | B1: Module | C1: Feature / Component | D1: Test Scenario | E1: Preconditions | F1: Test Steps | G1: Test Data | H1: Expected Result | I1: Priority | J1: Severity | K1: Test Type | L1: Automation Candidate | M1: Status | N1: Actual Result | O1: Comments
A2: NM-01 | B2: News & Media | C2: Admin CMS - List Screen | D2: Verify the News & Media admin list screen matches the Figma list/CRUD pattern | E2: Admin logged in | F2: 1. Navigate to Main CAG Website > News & Media 2. Verify the Search & Filter panel (Search For, Website, Status), Sort By/Rows-per-page, and the table columns (ID, Title, Language, Image/File, Status, Created, Modified, Actions) | G2: Figma News & Media frame | H2: List screen fields, table columns and controls match Figma exactly, or the screen is confirmed not-yet-shipped and logged as a tracked build gap | I2: High | J2: Medium | K2: Design Parity | L2: N | M2: Not Executed
A3: NM-02 | B3: News & Media | C3: Admin CMS - Add New Article | D3: Verify a new news/media item can be created with all mandatory fields | E3: Admin logged in, on the News & Media list | F3: 1. Click "+ Add New" 2. Fill mandatory fields (title, category, date, summary) 3. Save | G3: Valid news/media item data | H3: Item is saved and appears in the list immediately | I3: High | J3: Medium | K3: Functional | L3: Y | M3: Not Executed
A4: NM-03 | B4: News & Media | C4: Admin CMS - Edit Article | D4: Verify an existing news/media item can be edited and changes persist | E4: An item exists | F4: 1. Open an item for editing 2. Modify one or more fields 3. Save | G4: An existing item | H4: Changes are saved and reflected immediately in the list and on the public News listing | I4: High | J4: Medium | K4: Functional | L4: Y | M4: Not Executed
A5: NM-04 | B5: News & Media | C5: Admin CMS - Delete Article | D5: Verify a news/media item can be deleted and is removed from the public listing | E5: A disposable test item exists | F5: 1. Delete the item from the admin list 2. Refresh the public News listing | G5: A disposable test item | H5: Item no longer appears in the admin list or on the public page | I5: Medium | J5: Medium | K5: Functional | L5: Y | M5: Not Executed
A6: NM-05 | B6: News & Media | C6: Admin CMS - Bilingual Field CRUD | D6: Verify a news/media item with English and Hindi field variants saves and renders correctly | E6: Admin logged in | F6: 1. Create/edit an item with both English and Hindi field values 2. View the item on the public News listing in both languages | G6: EN and HI values for the same item | H6: Both language variants save correctly and render per the language toggle | I6: Medium | J6: Medium | K6: Design Parity | L6: N | M6: Not Executed
A7: NM-06 | B7: News & Media | C7: Admin CMS - Media/Image Upload | D7: Verify image/media uploads for a news item are validated correctly | E7: Admin logged in, on a news item's form | F7: 1. Upload a valid image 2. Attempt to upload a disallowed file type | G7: A valid image and a disallowed file type | H7: Valid image uploads and displays correctly; disallowed file type is rejected with a clear error | I7: High | J7: Medium | K7: Functional | L7: Y | M7: Not Executed
A8: NM-07 | B8: News & Media | C8: Admin CMS - Search | D8: Verify searching the News & Media list returns matching items | E8: Multiple items exist | F8: 1. Enter a keyword matching a known item's title 2. Submit search | G8: A known searchable value | H8: Only matching items are returned | I8: Medium | J8: Medium | K8: Functional | L8: Y | M8: Not Executed
A9: NM-08 | B9: News & Media | C9: Admin CMS - Sort by Date & Rows Per Page | D9: Verify news items can be sorted by date and the Rows-per-page control works | E9: Multiple items exist | F9: 1. Sort by newest/oldest 2. Change Rows per page | G9: N/A | H9: Items reorder correctly by date and page size updates as selected | I9: Medium | J9: Low | K9: Functional | L9: Y | M9: Not Executed
A10: NM-09 | B10: News & Media | C10: Publish Reflects Publicly | D10: Verify a published news item appears correctly and promptly on the public News listing | E10: An Active item exists | F10: 1. Publish/activate an item in Admin 2. Check the public News & Media listing | G10: A published item | H10: The item appears on the public listing with accurate content, newest-first | I10: High | J10: Medium | K10: Functional | L10: N | M10: Not Executed
A11: NM-10 | B11: News & Media | C11: Broken Link / Asset Check | D11: Verify published news items have no broken links or missing images | E11: Published items exist | F11: 1. Open several published news items on the public site 2. Inspect for 404s on images/links | G11: N/A | H11: No broken images or links on published news items | I11: Low | J11: Medium | K11: Functional | L11: Y | M11: Not Executed
A12: NM-11 | B12: News & Media | C12: Empty State | D12: Verify the admin list and public listing handle having no items gracefully | E12: No News & Media items exist (test data) | F12: 1. Load the admin list with zero items 2. Load the public News listing | G12: An empty dataset | H12: Both surfaces show an appropriate empty-state message rather than an error or blank area | I12: Low | J12: Medium | K12: Functional | L12: N | M12: Not Executed
A16: Test case | B16: Modules | C16: Functionalities | D16: Test status
A17: TS_01 | B17: News & Events | C17: Font Size | D17: Pass
A18: TS_02 | C18: Dark and light Mode | D18: Pass
A19: TS_03 | C19: Language switching | D19: Pass
A20: TS_04 | C20: searchbar | D20: Pass
A21: TS_05 | C21: page navigations | D21: Pass
A22: TS_06 | C22: News Links | D22: Fail
A23: TS_07 | C23: Screen reader | D23: Pass
A24: TS_08 | C24: Bread crums | D24: Pass

Sheet SS - State Subsites
A1: Test Case ID | B1: Module | C1: Feature / Component | D1: Test Scenario | E1: Preconditions | F1: Test Steps | G1: Test Data | H1: Expected Result | I1: Priority | J1: Severity | K1: Test Type | L1: Automation Candidate | M1: Status | N1: Actual Result | O1: Comments
A2: SS-01 | B2: State Subsites | C2: Subsite Access | D2: Verify a state subsite loads correctly via its URL | E2: A state slug is known (e.g., /states/tamil-nadu) | F2: 1. Navigate to /states/:state-slug for a sample state 2. Verify the office title/header displays | G2: A known state slug | H2: Page loads with the correct state office title/header | I2: High | J2: Medium | K2: Functional | L2: Y | M2: Pass
A3: SS-02 | B3: State Subsites | C3: Pension Section | D3: Verify the Pension section displays description and case status date correctly | E3: On a state subsite | F3: 1. Scroll to the Pension section 2. Verify description text and case status date | G3: N/A | H3: Pension description and case status date display correctly for the selected state | I3: High | J3: Medium | K3: Functional | L3: N | M3: Pass
A4: SS-03 | B4: State Subsites | C4: GPF Section | D4: Verify the GPF section displays correct information | E4: On a state subsite | F4: 1. Scroll to the GPF section 2. Verify content | G4: N/A | H4: General Provident Fund information displays correctly and completely | I4: High | J4: Medium | K4: Functional | L4: N | M4: Pass
A5: SS-04 | B5: State Subsites | C5: Monthly Key Indicators | D5: Verify the Monthly Key Indicators data displays correctly | E5: On a state subsite Accounts section | F5: 1. Open the Accounts section 2. Inspect Monthly Key Indicators | G5: N/A | H5: Data displays correctly and matches the source records for that state | I5: Medium | J5: Medium | K5: Functional | L5: N | M5: Partial Pass | N5: Documents Retriving missing.There is no pdf exists
A6: SS-05 | B6: State Subsites | C6: Appropriation Accounts (State) | D6: Verify Appropriation Accounts data is correct for the selected state | E6: On a state subsite Accounts section | F6: 1. Inspect the Appropriation Accounts sub-section | G6: N/A | H6: Figures match the state's source data | I6: Medium | J6: Medium | K6: Functional | L6: N | M6: Pass
A7: SS-06 | B7: State Subsites | C7: Finance Account | D7: Verify the Finance Account data displays correctly | E7: On a state subsite Accounts section | F7: 1. Inspect the Finance Account sub-section | G7: N/A | H7: Data displays correctly and matches source records | I7: Medium | J7: Medium | K7: Functional | L7: N | M7: Partial pass | N7: Documents Retriving missing.There is no pdf exists
A8: SS-07 | B8: State Subsites | C8: Accounts at a Glance | D8: Verify the Accounts at a Glance summary is correct | E8: On a state subsite Accounts section | F8: 1. Inspect the Accounts at a Glance summary | G8: N/A | H8: Summary figures are accurate and consistent with the detailed sections above | I8: Medium | J8: Medium | K8: Functional | L8: N | M8: Pass
A9: SS-08 | B9: State Subsites | C9: Quick Links | D9: Verify Quick Links section items navigate/open correctly | E9: On a state subsite | F9: 1. Click each Quick Link 2. Verify destination | G9: N/A | H9: Every quick link navigates to or opens the correct destination | I9: Medium | J9: Low | K9: Functional | L9: Y | M9: Fail | N9: Wrong Navigation .It does not have quick link information and navigation
A10: SS-09 | B10: State Subsites | C10: What's New | D10: Verify What's New lists latest tenders/announcements sorted by date | E10: On a state subsite | F10: 1. Inspect the What's New section 2. Verify sort order by date | G10: N/A | H10: Items display newest-first and each links correctly | I10: Medium | J10: Medium | K10: Functional | L10: Y | M10: Fail | N10: There is no items displaying newest
A11: SS-10 | B11: State Subsites | C11: Cross-State Consistency | D11: Verify subsite structure is consistent across multiple states | E11: At least 5 state subsites configured | F11: 1. Open subsites for 5 different states 2. Compare section structure and completeness across all 5 | G11: 5 sample states | H11: All 5 subsites show the same section structure with no missing data | I11: High | J11: Medium | K11: Regression | L11: N | M11: Pass
A12: SS-11 | B12: State Subsites | C12: Bilingual Content | D12: Verify all state subsite sections translate correctly | E12: On a state subsite | F12: 1. Toggle language to Hindi 2. Inspect all sections | G12: N/A | H12: All sections translate correctly with no untranslated remnants | I12: High | J12: Medium | K12: Localization | L12: N | M12: Fail | N12: Not whole page content switching to Hindi
A13: SS-12 | B13: State Subsites | C13: Invalid State Slug | D13: Verify navigating to a non-existent state slug is handled gracefully | E13: N/A | F13: 1. Navigate to /states/invalid-slug-xyz | G13: A deliberately invalid slug | H13: A proper 404/'not found' page displays; application does not crash or show a raw error | I13: Medium | J13: Medium | K13: Functional | L13: Y | M13: Pass

Sheet OS - Office Subsites
A1: Test Case ID | B1: Module | C1: Feature / Component | D1: Test Scenario | E1: Preconditions | F1: Test Steps | G1: Test Data | H1: Expected Result | I1: Priority | J1: Severity | K1: Test Type | L1: Automation Candidate | M1: Status | N1: Actual Result | O1: Comments
A2: OS-01 | B2: Office Subsites | C2: A&E offices (/ae) | D2: Verify the A&E offices subsite family loads and opens an office page | E2: Public site accessible | F2: 1. Open http://13.202.245.81:3000/ae 2. Open one office from the list 3. Check header, contact, quick links and What's New | G2: URL: /ae | H2: A&E offices landing lists its offices; the office page shows title, contact, quick links and What's New in the subsite layout (no main site header/footer) | I2: High | J2: Medium | K2: Functional | L2: Y | M2: Pass
A3: OS-02 | B3: Office Subsites | C3: AG offices (/ag) | D3: Verify the AG offices subsite family loads and opens an office page | E3: Public site accessible | F3: 1. Open http://13.202.245.81:3000/ag 2. Open one office from the list 3. Check header, contact, quick links and What's New | G3: URL: /ag | H3: AG offices landing lists its offices; the office page shows title, contact, quick links and What's New in the subsite layout (no main site header/footer) | I3: High | J3: Medium | K3: Functional | L3: Y | M3: Pass
A4: OS-03 | B4: Office Subsites | C4: Central offices (/cen) | D4: Verify the Central offices subsite family loads and opens an office page | E4: Public site accessible | F4: 1. Open http://13.202.245.81:3000/cen 2. Open one office from the list 3. Check header, contact, quick links and What's New | G4: URL: /cen | H4: Central offices landing lists its offices; the office page shows title, contact, quick links and What's New in the subsite layout (no main site header/footer) | I4: High | J4: Medium | K4: Functional | L4: Y | M4: Pass
A5: OS-04 | B5: Office Subsites | C5: MAB (/mab) | D5: Verify the MAB subsite family loads and opens an office page | E5: Public site accessible | F5: 1. Open http://13.202.245.81:3000/mab 2. Open one office from the list 3. Check header, contact, quick links and What's New | G5: URL: /mab | H5: MAB landing lists its offices; the office page shows title, contact, quick links and What's New in the subsite layout (no main site header/footer) | I5: High | J5: Medium | K5: Functional | L5: Y | M5: Pass
A6: OS-05 | B6: Office Subsites | C6: PDA (/pda) | D6: Verify the PDA subsite family loads and opens an office page | E6: Public site accessible | F6: 1. Open http://13.202.245.81:3000/pda 2. Open one office from the list 3. Check header, contact, quick links and What's New | G6: URL: /pda | H6: PDA landing lists its offices; the office page shows title, contact, quick links and What's New in the subsite layout (no main site header/footer) | I6: High | J6: Medium | K6: Functional | L6: Y | M6: Pass
A7: OS-06 | B7: Office Subsites | C7: Post & Telecom (/pt) | D7: Verify the Post & Telecom subsite family loads and opens an office page | E7: Public site accessible | F7: 1. Open http://13.202.245.81:3000/pt 2. Open one office from the list 3. Check header, contact, quick links and What's New | G7: URL: /pt | H7: Post & Telecom landing lists its offices; the office page shows title, contact, quick links and What's New in the subsite layout (no main site header/footer) | I7: High | J7: Medium | K7: Functional | L7: Y | M7: Pass
A8: OS-07 | B8: Office Subsites | C8: Railway (/rly) | D8: Verify the Railway subsite family loads and opens an office page | E8: Public site accessible | F8: 1. Open http://13.202.245.81:3000/rly 2. Open one office from the list 3. Check header, contact, quick links and What's New | G8: URL: /rly | H8: Railway landing lists its offices; the office page shows title, contact, quick links and What's New in the subsite layout (no main site header/footer) | I8: High | J8: Medium | K8: Functional | L8: Y | M8: Fail | N8: Whats new not working properly
A9: OS-08 | B9: Office Subsites | C9: A&E Accounts Sections | D9: Verify A&E office subsites show Pension, GPF and Accounts sections | E9: Public site accessible | F9: 1. Open an A&E office subsite 2. Check Pension, GPF, Monthly Key Indicators, Appropriation/Finance Accounts and Accounts at a Glance | G9: One A&E office | H9: All sections display and link correctly, consistent with the State Subsite template (SS-02 to SS-07) | I9: High | J9: Medium | K9: Regression | L9: N | M9: Fail | N9: some functionality not working
A10: OS-09 | B10: Office Subsites | C10: Invalid Office Slug | D10: Verify a non-existent office slug is handled gracefully | E10: Public site accessible | F10: 1. Open http://13.202.245.81:3000/ag/invalid-office | G10: Invalid slug | H10: Friendly 404 page inside the subsite layout | I10: Medium | J10: Medium | K10: Functional | L10: Y | M10: Fail | N10: It is showing the full website
A11: OS-10 | B11: Office Subsites | C11: Return to Main Site | D11: Verify users can return to the main CAG site from any subsite | E11: Public site accessible | F11: 1. From an office subsite click the CAG logo / main site link | G11: N/A | H11: User lands on the main home page in the same language | I11: Medium | J11: Low | K11: Functional | L11: Y | M11: Fail | N11: Not working
A12: OS-11 | B12: Office Subsites | C12: Subsites in Hindi | D12: Verify office subsites display Hindi content under /hi | E12: Public site accessible | F12: 1. Open each subsite family under /hi | G12: N/A | H12: Subsite navigation and content display in Hindi | I12: Medium | J12: Medium | K12: Localization | L12: N | M12: Fail | N12: Some contents not navigating to hindi
A13: OS-12 | B13: Office Subsites | C13: Our Presence Links to Subsites | D13: Verify office links on Our Presence open the matching subsite | E13: Public site accessible | F13: 1. Open Our Presence > State Level Offices and Central Audit Offices 2. Click several offices | G13: N/A | H13: Each office link opens its own subsite page | I13: High | J13: Medium | K13: Data Integrity | L13: Y | M13: Pass

Sheet DS - Defence Subsite
A1: Test Case ID | B1: Module | C1: Feature / Component | D1: Test Scenario | E1: Preconditions | F1: Test Steps | G1: Test Data | H1: Expected Result | I1: Priority | J1: Severity | K1: Test Type | L1: Automation Candidate | M1: Status | N1: Actual Result | O1: Comments
A2: DS-01 | B2: Defence Subsite | C2: About and The Office | D2: Verify the Defence subsite 'About and The Office' page loads with correct content | E2: Public site accessible | F2: 1. Open the Defence subsite 2. Open 'About and The Office' from the subsite menu | G2: N/A | H2: 'About and The Office' page loads in the Defence layout with correct breadcrumb and content; no broken links | I2: Medium | J2: Medium | K2: Functional | L2: Y | M2: Executed | N2: Fail
A3: DS-02 | B3: Defence Subsite | C3: Functions | D3: Verify the Defence subsite 'Functions' page loads with correct content | E3: Public site accessible | F3: 1. Open the Defence subsite 2. Open 'Functions' from the subsite menu | G3: N/A | H3: 'Functions' page loads in the Defence layout with correct breadcrumb and content; no broken links | I3: Medium | J3: Medium | K3: Functional | L3: Y | M3: Executed | N3: Fail
A4: DS-03 | B4: Defence Subsite | C4: Reports | D4: Verify the Defence subsite 'Reports' page loads with correct content | E4: Public site accessible | F4: 1. Open the Defence subsite 2. Open 'Reports' from the subsite menu | G4: N/A | H4: 'Reports' page loads in the Defence layout with correct breadcrumb and content; no broken links | I4: High | J4: Medium | K4: Functional | L4: Y | M4: Executed | N4: Fail
A5: DS-04 | B5: Defence Subsite | C5: Report Details | D5: Verify the Defence subsite 'Report Details' page loads with correct content | E5: Public site accessible | F5: 1. Open the Defence subsite 2. Open 'Report Details' from the subsite menu | G5: N/A | H5: 'Report Details' page loads in the Defence layout with correct breadcrumb and content; no broken links | I5: High | J5: Medium | K5: Functional | L5: Y | M5: Executed | N5: Fail
A6: DS-05 | B6: Defence Subsite | C6: Publications | D6: Verify the Defence subsite 'Publications' page loads with correct content | E6: Public site accessible | F6: 1. Open the Defence subsite 2. Open 'Publications' from the subsite menu | G6: N/A | H6: 'Publications' page loads in the Defence layout with correct breadcrumb and content; no broken links | I6: Medium | J6: Medium | K6: Functional | L6: Y | M6: Executed | N6: Fail
A7: DS-06 | B7: Defence Subsite | C7: Resources | D7: Verify the Defence subsite 'Resources' page loads with correct content | E7: Public site accessible | F7: 1. Open the Defence subsite 2. Open 'Resources' from the subsite menu | G7: N/A | H7: 'Resources' page loads in the Defence layout with correct breadcrumb and content; no broken links | I7: Medium | J7: Medium | K7: Functional | L7: Y | M7: Executed | N7: Fail
A8: DS-07 | B8: Defence Subsite | C8: Tenders | D8: Verify the Defence subsite 'Tenders' page loads with correct content | E8: Public site accessible | F8: 1. Open the Defence subsite 2. Open 'Tenders' from the subsite menu | G8: N/A | H8: 'Tenders' page loads in the Defence layout with correct breadcrumb and content; no broken links | I8: High | J8: Medium | K8: Functional | L8: Y | M8: Not Executed | N8: Not available
A9: DS-08 | B9: Defence Subsite | C9: Tour Program | D9: Verify the Defence subsite 'Tour Program' page loads with correct content | E9: Public site accessible | F9: 1. Open the Defence subsite 2. Open 'Tour Program' from the subsite menu | G9: N/A | H9: 'Tour Program' page loads in the Defence layout with correct breadcrumb and content; no broken links | I9: Low | J9: Medium | K9: Functional | L9: Y | M9: Executed | N9: Fail
A10: DS-09 | B10: Defence Subsite | C10: What's New | D10: Verify the Defence subsite 'What's New' page loads with correct content | E10: Public site accessible | F10: 1. Open the Defence subsite 2. Open 'What's New' from the subsite menu | G10: N/A | H10: 'What's New' page loads in the Defence layout with correct breadcrumb and content; no broken links | I10: Medium | J10: Medium | K10: Functional | L10: Y | M10: Executed | N10: Pass
A11: DS-10 | B11: Defence Subsite | C11: Working With Us | D11: Verify the Defence subsite 'Working With Us' page loads with correct content | E11: Public site accessible | F11: 1. Open the Defence subsite 2. Open 'Working With Us' from the subsite menu | G11: N/A | H11: 'Working With Us' page loads in the Defence layout with correct breadcrumb and content; no broken links | I11: Low | J11: Medium | K11: Functional | L11: Y | M11: Executed | N11: Fail
A12: DS-11 | B12: Defence Subsite | C12: Employee Corner | D12: Verify the Defence subsite 'Employee Corner' page loads with correct content | E12: Public site accessible | F12: 1. Open the Defence subsite 2. Open 'Employee Corner' from the subsite menu | G12: N/A | H12: 'Employee Corner' page loads in the Defence layout with correct breadcrumb and content; no broken links | I12: Medium | J12: Medium | K12: Functional | L12: Y | M12: Executed | N12: Fail
A13: DS-12 | B13: Defence Subsite | C13: Contact | D13: Verify the Defence subsite 'Contact' page loads with correct content | E13: Public site accessible | F13: 1. Open the Defence subsite 2. Open 'Contact' from the subsite menu | G13: N/A | H13: 'Contact' page loads in the Defence layout with correct breadcrumb and content; no broken links | I13: Medium | J13: Medium | K13: Functional | L13: Y | M13: Executed | N13: Pass
A14: DS-13 | B14: Defence Subsite | C14: Reports – Listing to Download | D14: Verify Defence reports can be filtered, opened and downloaded | E14: Public site accessible | F14: 1. Open Defence > Reports 2. Search/filter 3. Open a report and download its PDF | G14: N/A | H14: Only Defence reports are listed; detail page and PDF download work | I14: High | J14: Medium | K14: Functional | L14: N | M14: Executed | O14: PDFs are redirecting to d7
A15: DS-14 | B15: Defence Subsite | C15: Mobile Navigation | D15: Verify the Defence subsite menu works on mobile | E15: 375x667 viewport | F15: 1. Open the Defence subsite at mobile width 2. Open the menu and visit 3 sections | G15: N/A | H15: All sections are reachable; no horizontal scroll | I15: Medium | J15: Medium | K15: UI/UX | L15: N | M15: Executed | N15: Fail
A16: DS-15 | B16: Defence Subsite | C16: Employee Corner Access | D16: Verify Employee Corner does not expose internal documents publicly | E16: Public site accessible | F16: 1. Open Employee Corner 2. Open every link | G16: N/A | H16: Public items open; restricted items require login or are hidden | I16: High | J16: High | K16: Security | L16: N | M16: Executed | N16: Fail
A17: DS-16 | B17: Defence Subsite | C17: Defence Subsite – Hindi | D17: Verify Defence subsite content under /hi | E17: Public site accessible | F17: 1. Open the Defence subsite under /hi and visit each section | G17: N/A | H17: Navigation and content display in Hindi | I17: Medium | J17: Medium | K17: Localization | L17: N | M17: Executed | N17: Fail

Sheet TI - Training Institutes
A1: Test Case ID | B1: Module | C1: Feature / Component | D1: Test Scenario | E1: Preconditions | F1: Test Steps | G1: Test Data | H1: Expected Result | I1: Priority | J1: Severity | K1: Test Type | L1: Automation Candidate | M1: Status | N1: Actual Result | O1: Comments
A2: TI-01 | B2: Training Institute Subsites | C2: iCED | D2: Verify the iCED subsite loads with its own branding and sections | E2: Public site accessible | F2: 1. Open Our Presence > Training Institutes 2. Open 'iCED' | G2: N/A | H2: iCED subsite opens with its header/branding, about, programmes, news and contact sections | I2: Medium | J2: Medium | K2: Functional | L2: Y | M2: Executed | N2: Fail | O2: Branding color shown in green instead of brown
A3: TI-02 | B3: Training Institute Subsites | C3: iCISA | D3: Verify the iCISA subsite loads with its own branding and sections | E3: Public site accessible | F3: 1. Open Our Presence > Training Institutes 2. Open 'iCISA' | G3: N/A | H3: iCISA subsite opens with its header/branding, about, programmes, news and contact sections | I3: Medium | J3: Medium | K3: Functional | L3: Y | M3: Executed | N3: Fail | O3: Branding color shown in green instead of brown
A4: TI-03 | B4: Training Institute Subsites | C4: NAAA | D4: Verify the NAAA subsite loads with its own branding and sections | E4: Public site accessible | F4: 1. Open Our Presence > Training Institutes 2. Open 'NAAA' | G4: N/A | H4: NAAA subsite opens with its header/branding, about, programmes, news and contact sections | I4: High | J4: Medium | K4: Functional | L4: Y | M4: Executed | N4: Fail | O4: Branding color shown in green instead of brown
A5: TI-04 | B5: Training Institute Subsites | C5: RCBKI | D5: Verify the RCBKI subsite loads with its own branding and sections | E5: Public site accessible | F5: 1. Open Our Presence > Training Institutes 2. Open 'RCBKI' | G5: N/A | H5: RCBKI subsite opens with its header/branding, about, programmes, news and contact sections | I5: Medium | J5: Medium | K5: Functional | L5: Y | M5: Executed | N5: Fail | O5: Branding color shown in green instead of brown
A6: TI-05 | B6: Training Institute Subsites | C6: Regional institutes | D6: Verify the Regional institutes subsite loads with its own branding and sections | E6: Public site accessible | F6: 1. Open Our Presence > Training Institutes 2. Open 'Regional institutes' | G6: N/A | H6: Regional institutes subsite opens with its header/branding, about, programmes, news and contact sections | I6: Medium | J6: Medium | K6: Functional | L6: Y | M6: Executed | N6: Fail | O6: Branding color shown in green instead of brown
A7: TI-06 | B7: Training Institute Subsites | C7: Regional Institute Detail | D7: Verify each regional institute has a working page | E7: Public site accessible | F7: 1. Open Regional institutes 2. Open each listed institute | G7: N/A | H7: Each page shows address, contact and programmes | I7: Medium | J7: Medium | K7: Functional | L7: Y | M7: Executed | N7: Fail | O7: Contrast toggle is not available in training institute
A8: TI-07 | B8: Training Institute Subsites | C8: Course Calendar / Programme Documents | D8: Verify course calendars and programme documents open | E8: Public site accessible | F8: 1. Open the course calendar or programme list on iCED and iCISA | G8: N/A | H8: Calendar displays; documents open or download without 404 | I8: Medium | J8: Medium | K8: Functional | L8: N | M8: Executed | N8: Pass
A9: TI-08 | B9: Training Institute Subsites | C9: iCAL Coverage Gap | D9: Verify iCAL, which exists in the admin sidebar, has a public subsite | E9: Admin logged in at /admin/login with access to this section | F9: 1. Edit iCAL under Admin > Our Presence: Training Institutes 2. Look for iCAL on the public Training Institutes page | G9: N/A | H9: iCAL appears publicly; if not, log the admin/public mismatch as a defect | I9: Medium | J9: Medium | K9: Data Integrity | L9: N | M9: Executed | N9: Fail
A10: TI-09 | B10: Training Institute Subsites | C10: Training Subsites – Hindi | D10: Verify institute subsites under /hi | E10: Public site accessible | F10: 1. Open each institute subsite under /hi | G10: N/A | H10: Content and navigation display in Hindi | I10: Low | J10: Low | K10: Localization | L10: N | M10: Executed | N10: Fail

Sheet BL - Bilingual (i18n)
A1: Test Case ID | B1: Module | C1: Feature / Component | D1: Test Scenario | E1: Preconditions | F1: Test Steps | G1: Test Data | H1: Expected Result | I1: Priority | J1: Severity | K1: Test Type | L1: Automation Candidate | M1: Status | N1: Actual Result | O1: Comments
A2: BL-01 | B2: Bilingual (i18n) | C2: Global Toggle Availability | D2: Verify a language toggle is present and functional on every public page | E2: Public site accessible | F2: 1. Visit a representative sample of at least 10 public pages 2. Verify the language toggle is present and functional on each | G2: N/A | H2: Language toggle is present, visible and functional on every page sampled | I2: High | J2: Medium | K2: Localization | L2: Y | M2: Not Executed
A3: BL-02 | B3: Bilingual (i18n) | C3: Persistence Across Navigation | D3: Verify the selected language persists when navigating between pages | E3: Public site accessible | F3: 1. Switch to Hindi on Home page 2. Navigate to two other pages 3. Observe language on each | G3: N/A | H3: Hindi selection persists across navigation via the languageChange event/global state | I3: High | J3: Medium | K3: Localization | L3: N | M3: Not Executed
A4: BL-03 | B4: Bilingual (i18n) | C4: Devanagari Font Rendering | D4: Verify Hindi text renders correctly using Noto Sans | E4: Language set to Hindi | F4: 1. Switch to Hindi 2. Inspect text rendering across several pages | G4: N/A | H4: Devanagari script renders correctly with no missing glyphs or 'tofu' boxes | I4: High | J4: Medium | K4: Localization | L4: N | M4: Not Executed
A5: BL-04 | B5: Bilingual (i18n) | C5: Layout Integrity in Hindi | D5: Verify longer Hindi translations do not break page layout | E5: Language set to Hindi | F5: 1. Switch to Hindi 2. Inspect pages with longer labels (navigation, cards, tables) | G5: N/A | H5: No truncation, overlap, or horizontal scroll caused by longer Hindi text | I5: Medium | J5: Medium | K5: Localization | L5: N | M5: Not Executed
A6: BL-05 | B6: Bilingual (i18n) | C6: Full Content Parity | D6: Verify no untranslated English text appears when in Hindi mode | E6: Language set to Hindi | F6: 1. Sample at least 10 pages across all modules in Hindi mode 2. Inspect for any leftover English text | G6: 10-page sample across modules | H6: No unintended English fallback text appears anywhere in the sample | I6: High | J6: Medium | K6: Localization | L6: N | M6: Not Executed
A7: BL-06 | B7: Bilingual (i18n) | C7: Bilingual CMS Fields | D7: Verify Admin CMS bilingual fields save and render correctly in both languages | E7: Admin logged in | F7: 1. Create/edit a CMS record with both English and Hindi field values 2. View the record on the public site in both languages | G7: A record with EN and HI values | H7: Both language variants save correctly and render on the correct toggle state | I7: High | J7: Medium | K7: Localization | L7: N | M7: Not Executed
A8: BL-07 | B8: Bilingual (i18n) | C8: Date/Number Formatting | D8: Verify dates and numbers display in an appropriate localized format | E8: Language toggled to Hindi | F8: 1. Inspect a date and a numeric value in English mode 2. Toggle to Hindi and inspect the same values | G8: A page with dates/figures (e.g., Reports) | H8: Formatting is appropriate for the selected language per design intent | I8: Low | J8: Low | K8: Localization | L8: N | M8: Not Executed
A9: BL-08 | B9: Bilingual (i18n) | C9: Reload Behaviour | D9: Verify refreshing the browser in Hindi mode does not break the page | E9: Language set to Hindi | F9: 1. Switch to Hindi 2. Refresh the browser | G9: N/A | H9: Page reloads correctly in Hindi (or documented default) without error | I9: Medium | J9: Medium | K9: Localization | L9: N | M9: Not Executed
A10: BL-09 | B10: Bilingual (i18n) | C10: Deep Link Language Toggle | D10: Verify the language toggle still functions when accessed via a deep link | E10: A deep link URL (e.g., a state subsite) | F10: 1. Open a state subsite URL directly 2. Use the language toggle | G10: A direct deep link URL | H10: Language toggle functions correctly even without prior homepage navigation | I10: Medium | J10: Medium | K10: Localization | L10: N | M10: Not Executed
A11: BL-10 | B11: Bilingual (i18n) | C11: Hindi Search | D11: Verify search functionality returns correct results for Hindi keywords, if supported | E11: Hindi search is a documented capability | F11: 1. Switch to Hindi 2. Search using a Hindi keyword | G11: A Hindi keyword matching seeded content | H11: Correct matching results are returned, or an appropriate message if Hindi search is not supported | I11: Low | J11: Low | K11: Localization | L11: N | M11: Not Executed

Sheet AA - Admin - Authentication
A1: Test Case ID | B1: Module | C1: Feature / Component | D1: Test Scenario | E1: Preconditions | F1: Test Steps | G1: Test Data | H1: Expected Result | I1: Priority | J1: Severity | K1: Test Type | L1: Automation Candidate | M1: Status | N1: Actual Result | O1: Comments
A2: AA-01 | B2: Admin - Authentication | C2: Valid Login | D2: Verify login with valid admin credentials succeeds | E2: A valid admin account exists | F2: 1. Navigate to /login 2. Enter valid username and password 3. Submit | G2: Valid admin credentials | H2: User is authenticated and redirected to the Admin Dashboard | I2: High | J2: High | K2: Functional | L2: Y | M2: Executed | N2: Pass
A3: AA-02 | B3: Admin - Authentication | C3: Invalid Login | D3: Verify login with an incorrect password is rejected | E3: A valid admin account exists | F3: 1. Navigate to /login 2. Enter valid username with an incorrect password 3. Submit | G3: Valid username, wrong password | H3: Login is rejected with a clear error message; no session is created | I3: High | J3: High | K3: Security | L3: Y | M3: Executed | N3: Pass
A4: AA-03 | B4: Admin - Authentication | C4: Default Credential Exposure | D4: Verify whether the documented default credentials are still active | E4: Test environment access | F4: 1. Attempt login using admin / admin123 | G4: admin / admin123 | H4: If login succeeds in this environment, log as a Critical security finding recommending credential rotation before production | I4: High | J4: Critical | K4: Security | L4: N | M4: Executed | N4: Fail | O4: Default credentials authenticate successfully. Record this as a Critical security finding for the applicable environment.
A5: AA-04 | B5: Admin - Authentication | C5: JWT Session Expiry | D5: Verify the admin session expires after 8 hours | E5: Logged in as admin | F5: 1. Log in 2. Wait for (or simulate) 8-hour token expiry 3. Attempt a protected action | G5: N/A | H5: User is redirected to /login once the session token expires | I5: Medium | J5: Medium | K5: Security | L5: N | M5: Executed | N5: Pass
A6: AA-05 | B6: Admin - Authentication | C6: Session Token Contents | D6: Verify the JWT does not expose sensitive data beyond documented claims | E6: Logged in as admin | F6: 1. Decode the JWT (e.g., via browser DevTools/jwt.io) 2. Inspect claims | G6: N/A | H6: Token contains only id, username and role as documented; no password or sensitive data present | I6: Medium | J6: High | K6: Security | L6: N | M6: Executed | N6: Pass
A7: AA-06 | B7: Admin - Authentication | C7: Unauthenticated Admin Access | D7: Verify admin routes redirect unauthenticated users to login | E7: Logged out / no session | F7: 1. Attempt to access an admin URL directly (e.g., /admin/dashboard) without logging in | G7: N/A | H7: User is redirected to /login and cannot view admin content | I7: High | J7: High | K7: Security | L7: Y | M7: Executed | N7: Pass
A8: AA-07 | B8: Admin - Authentication | C8: Logout | D8: Verify logout terminates the session correctly | E8: Logged in as admin | F8: 1. Click Logout 2. Attempt to access an admin route afterward | G8: N/A | H8: Session is cleared and the admin route requires re-authentication | I8: High | J8: Medium | K8: Functional | L8: Y | M8: Executed | N8: Pass
A9: AA-08 | B9: Admin - Authentication | C9: Login Form Validation | D9: Verify the login form handles empty/invalid input gracefully | E9: On the login page | F9: 1. Submit the form with empty username/password 2. Submit with malformed input | G9: Empty and malformed inputs | H9: Required-field validation displays; no stack trace or raw error is exposed | I9: Medium | J9: Medium | K9: Functional | L9: N | M9: Executed | N9: Pass
A10: AA-09 | B10: Admin - Authentication | C10: Brute-Force Protection | D10: Verify whether repeated failed logins are rate-limited or locked out | E10: A valid admin account exists | F10: 1. Attempt 10+ rapid failed logins against the same account | G10: Repeated invalid credentials | H10: Account lockout or rate-limiting is enforced; if absent, log as a security gap | I10: Medium | J10: High | K10: Security | L10: N | M10: Executed | N10: Pass

Sheet AD - Admin - Dashboard
A1: Test Case ID | B1: Module | C1: Feature / Component | D1: Test Scenario | E1: Preconditions | F1: Test Steps | G1: Test Data | H1: Expected Result | I1: Priority | J1: Severity | K1: Test Type | L1: Automation Candidate | M1: Status | N1: Actual Result | O1: Comments
A2: AD-01 | B2: Admin - Dashboard | C2: Welcome Greeting | D2: Verify the Dashboard displays a personalised welcome greeting per the Figma design | E2: Admin logged in | F2: 1. Log in as admin 2. Observe the top of the Dashboard | G2: N/A | H2: A "Welcome Admin" greeting (with the signed-in user's name) displays exactly as designed in Figma | I2: Low | J2: Low | K2: Design Parity | L2: N | M2: Not Executed
A3: AD-02 | B3: Admin - Dashboard | C3: KPI Card: Pending Complaints | D3: Verify the Pending Complaints KPI card matches the Figma design and shows an accurate count | E3: Admin logged in; known number of open complaints | F3: 1. Load the Dashboard 2. Read the Pending Complaints card value 3. Compare to the actual count of open complaints in the Contact/Complaints module | G3: A known number of open complaints | H3: Card label reads "Pending Complaints" and the count exactly matches the underlying data | I3: High | J3: Medium | K3: Design Parity | L3: N | M3: Not Executed
A4: AD-03 | B4: Admin - Dashboard | C4: KPI Card: Pending Content Approvals | D4: Verify the Pending Content Approvals KPI card matches the Figma design and shows an accurate count | E4: Admin logged in; known number of items awaiting approval | F4: 1. Load the Dashboard 2. Read the Pending Content Approvals card value 3. Compare to the actual count of unapproved content items | G4: A known number of pending approvals | H4: Card label reads "Pending Content Approvals" and the count exactly matches the underlying data | I4: High | J4: Medium | K4: Design Parity | L4: N | M4: Not Executed
A5: AD-04 | B5: Admin - Dashboard | C5: KPI Card: Upcoming Training | D5: Verify the Upcoming Training KPI card matches the Figma design and shows an accurate count | E5: Admin logged in; known number of scheduled trainings | F5: 1. Load the Dashboard 2. Read the Upcoming Training card value and its "this week" qualifier 3. Compare to the actual scheduled training/event records | G5: A known number of upcoming trainings | H5: Card label reads "Upcoming Training" and the count/period exactly match the underlying data | I5: Medium | J5: Medium | K5: Design Parity | L5: N | M5: Not Executed
A6: AD-05 | B6: Admin - Dashboard | C6: Quick Actions Set | D6: Verify the four Quick Actions match the Figma design and each opens the correct create form | E6: Admin logged in | F6: 1. Load the Dashboard 2. Verify the Quick Actions row shows exactly Add News, Add Circular, Add Event and View Complaints, in that order 3. Click each action in turn | G6: N/A | H6: All four actions are present with the exact Figma labels/icons and each navigates to the correct destination (create form, or the Complaints list for View Complaints) | I6: High | J6: Medium | K6: Design Parity | L6: Y | M6: Not Executed
A7: AD-06 | B7: Admin - Dashboard | C7: Recent Audit Reports Panel | D7: Verify the Recent Audit Reports panel matches the Figma design and lists accurate data | E7: Admin logged in; at least one recent report exists | F7: 1. Load the Dashboard 2. Inspect the Recent Audit Reports panel 3. Click "View All" | G7: A recently added/edited report | H7: Panel title, layout and "View All" link match Figma; listed entries are accurate and "View All" navigates to the full Reports list | I7: Medium | J7: Medium | K7: Design Parity | L7: N | M7: Not Executed
A8: AD-07 | B8: Admin - Dashboard | C8: Recent User Activity Panel | D8: Verify the Recent User Activity panel matches the Figma design and lists accurate data | E8: Admin logged in; at least one recent admin action exists | F8: 1. Load the Dashboard 2. Inspect the Recent User Activity panel 3. Click "View All" | G8: A recent login/CRUD action | H8: Panel title, layout and "View All" link match Figma; listed entries are accurate and "View All" navigates to the full activity/audit log | I8: Medium | J8: Medium | K8: Design Parity | L8: N | M8: Not Executed
A9: AD-08 | B9: Admin - Dashboard | C9: Empty-State Panels | D9: Verify the Recent Audit Reports and Recent User Activity panels handle an empty state gracefully | E9: A test environment with no recent activity | F9: 1. Load the Dashboard in an environment with no recent reports/activity 2. Observe both panels | G9: N/A | H9: Both panels show an appropriate empty-state message rather than rendering blank or erroring | I9: Low | J9: Low | K9: Functional | L9: N | M9: Not Executed
A10: AD-09 | B10: Admin - Dashboard | C10: Sidebar Navigation Grouping | D10: Verify the Dashboard sidebar matches the Figma nav taxonomy | E10: Admin logged in | F10: 1. Inspect the sidebar 2. Verify the Main CAG Website group (Home Page with Banners/Quick Link Cards/Who We Are/Statistics/CAG Message, Reports, Our Presence, Global Relations, Resources, Careers & Engagement, About Us, News & Media, Contact), plus Menu Management and User Management/Administration groups | G10: N/A | H10: Sidebar grouping, item order and labels match the Figma design exactly; the active module is visually highlighted | I10: High | J10: Medium | K10: Design Parity | L10: N | M10: Not Executed
A11: AD-10 | B11: Admin - Dashboard | C11: Dashboard Colour System | D11: Verify the Dashboard uses the approved brand colours | E11: Admin logged in | F11: 1. Inspect the sidebar, primary buttons and page background 2. Sample colours via browser DevTools | G11: Figma colours: sidebar/buttons #751639, page background #F8F7F7 | H11: Rendered colours match the Figma values (or are within an agreed tolerance) | I11: Medium | J11: Low | K11: Design Parity | L11: N | M11: Not Executed
A12: AD-11 | B12: Admin - Dashboard | C12: Dashboard Load Performance | D12: Verify the dashboard loads promptly even with large underlying tables | E12: Tables contain realistic data volumes | F12: 1. Load the dashboard 2. Measure load time | G12: N/A | H12: Dashboard loads within an acceptable baseline (e.g., <3s) despite large underlying tables | I12: Medium | J12: Low | K12: Performance | L12: N | M12: Not Executed
A13: AD-12 | B13: Admin - Dashboard | C13: Dashboard Responsiveness | D13: Verify the dashboard layout adapts on smaller viewports | E13: Admin logged in | F13: 1. Load the dashboard at tablet width 2. Inspect layout of KPI cards, Quick Actions and the two Recent panels | G13: N/A | H13: KPI cards, Quick Actions and Recent panels reflow sensibly without breaking usability | I13: Low | J13: Low | K13: UI/UX | L13: N | M13: Not Executed
A14: AD-13 | B14: Admin - Dashboard | C14: Access Control | D14: Verify only authenticated admins can view the dashboard | E14: Logged out | F14: 1. Attempt to access the dashboard URL directly without a session | G14: N/A | H14: Redirected to /login; dashboard content is never rendered for unauthenticated users | I14: High | J14: High | K14: Security | L14: Y | M14: Not Executed

Sheet AC - Admin - CRUD Modules
A1: Test Case ID | B1: Module | C1: Feature / Component | D1: Test Scenario | E1: Preconditions | F1: Test Steps | G1: Test Data | H1: Expected Result | I1: Priority | J1: Severity | K1: Test Type | L1: Automation Candidate | M1: Status | N1: Actual Result | O1: Comments
A2: AC-01 | B2: Admin - CRUD Modules | C2: Create Record | D2: Verify a new record can be created with all mandatory fields | E2: Admin logged in, on a module's list page (e.g., News) | F2: 1. Click Add/Create 2. Fill all mandatory fields with valid data 3. Submit | G2: Valid News record data | H2: Record is saved and appears in the list immediately | I2: High | J2: Medium | K2: Functional | L2: Y | M2: Executed | N2: Fail
A3: AC-02 | B3: Admin - CRUD Modules | C3: List / Read Record | D3: Verify the DataTable displays correct columns and data types | E3: Records exist in the module | F3: 1. Open a module's list page 2. Inspect columns for correct type rendering (text/badge/date/image/link/boolean) | G3: N/A | H3: Each column renders its data type correctly and pagination controls function | I3: High | J3: Medium | K3: Functional | L3: Y | M3: Executed | N3: Fail
A4: AC-03 | B4: Admin - CRUD Modules | C4: Update Record | E4: A record exists | F4: 1. Open a record for editing via GenForm 2. Modify one or more fields 3. Save | G4: An existing record | H4: Changes are saved and reflected immediately in the list and detail view | I4: High | J4: Medium | K4: Functional | L4: Y | M4: Executed | N4: Fail
A5: AC-04 | B5: Admin - CRUD Modules | C5: Delete Record | D5: Verify a record can be deleted and is removed from the list | E5: A disposable test record exists | F5: 1. Select a record 2. Delete it 3. Refresh the list | G5: A disposable test record | H5: Record no longer appears in the list or underlying table | I5: High | J5: Medium | K5: Functional | L5: Y | M5: Executed | N5: Fail
A6: AC-05 | B6: Admin - CRUD Modules | C6: Mandatory Field Validation | D6: Verify required-field validation prevents incomplete submissions | E6: On a create/edit form | F6: 1. Leave required fields empty 2. Attempt to submit | G6: Blank required fields | H6: Validation errors display and no record is created/updated | I6: High | J6: Medium | K6: Functional | L6: Y | M6: Executed | N6: Pass
A7: AC-06 | B7: Admin - CRUD Modules | C7: Field Type Rendering | D7: Verify every documented form field type renders and behaves correctly | E7: A form containing multiple field types | F7: 1. Interact with text, textarea, richtext, select, date, file, image, boolean, number, url and password fields | G7: N/A | H7: Every field type renders its correct control and accepts/validates input appropriately | I7: Medium | J7: Medium | K7: Functional | L7: N | M7: Executed | N7: Fail
A8: AC-07 | B8: Admin - CRUD Modules | C8: Search Within Table | D8: Verify the configured search column filters records correctly | E8: Records exist in the module | F8: 1. Enter a search term matching a known record's searchColumn value 2. Submit search | G8: A known searchable value | H8: Only matching records are returned | I8: Medium | J8: Medium | K8: Functional | L8: Y | M8: Executed | N8: Pass
A9: AC-08 | B9: Admin - CRUD Modules | C9: Reports Table CRUD Reflects Publicly | D9: Verify Admin changes to a report reflect on the public Reports page | E9: Admin logged in | F9: 1. Create or edit a report record in Admin 2. Visit the public Reports page and search for it | G9: A new/edited report record | H9: The report appears correctly (or is updated) on the public Reports page | I9: High | J9: Medium | K9: Data Integrity | L9: N | M9: Executed | N9: Fail
A10: AC-09 | B10: Admin - CRUD Modules | C10: Pages Table CRUD Reflects Publicly | D10: Verify a CMS page created/edited in Admin renders correctly at its public slug | E10: Admin logged in | F10: 1. Create or edit a CMS page record 2. Access /api/pages/{slug} or its public page | G10: A CMS page record | H10: The public page reflects the Admin-managed content correctly | I10: High | J10: Medium | K10: Data Integrity | L10: N | M10: Executed | N10: Fail
A11: AC-10 | B11: Admin - CRUD Modules | C11: Events/News CRUD Reflects Publicly | D11: Verify Admin-created events/news appear on public listings | E11: Admin logged in | F11: 1. Create an event and a news item in Admin 2. Check the public Events and News listings | G11: New event and news records | H11: Both appear correctly on their respective public listings | I11: Medium | J11: Medium | K11: Data Integrity | L11: N | M11: Executed | N11: Fail
A12: AC-11 | B12: Admin - CRUD Modules | C12: Menu CRUD Reflects Publicly | D12: Verify a new hierarchical menu item reflects in public navigation | E12: Admin logged in | F12: 1. Create a nested menu item in the Menu module 2. Check the public main navigation | G12: A new nested menu item | H12: The item appears correctly in the public navigation hierarchy | I12: Medium | J12: Medium | K12: Data Integrity | L12: N | M12: Executed | N12: Fail
A13: AC-13 | B13: Admin - CRUD Modules | C13: Users Management | D13: Verify an admin user can be created with a role | E13: Admin logged in with user-management access | F13: 1. Create a new admin user and assign a role 2. Verify the user can log in and role-based behaviour, if implemented | G13: A new admin user with a role | H13: User is created successfully and role-based access behaves as designed | I13: Medium | J13: Medium | K13: Security | L13: N | M13: Executed | N13: Pass
A14: AC-14 | B14: Admin - CRUD Modules | C14: Bilingual Field CRUD | D14: Verify a record with English and Hindi field variants saves and renders correctly | E14: Admin logged in, module with bilingual fields | F14: 1. Create/edit a record with both English and Hindi field values 2. View the record on the public site in both languages | G14: EN and HI values for the same record | H14: Both language variants save correctly and render per the language toggle | I14: High | J14: Medium | K14: Localization | L14: N | M14: Executed | N14: Fail
A15: AC-15 | B15: Admin - CRUD Modules | C15: DataTable Pagination & Sorting | D15: Verify pagination and column sorting work correctly for a large table | E15: A module with many records | F15: 1. Navigate through multiple pages 2. Sort by a column ascending and descending | G15: A large table (e.g., Reports) | H15: Pagination and sorting behave correctly with no duplicate/missing records | I15: Medium | J15: Medium | K15: Functional | L15: Y | M15: Executed | N15: Fail
A16: AC-16 | B16: Admin - CRUD Modules | C16: Referential Consistency After Delete | D16: Verify no orphaned references remain after deleting a referenced record | E16: A record referenced elsewhere exists (e.g., a state used in report filters) | F16: 1. Delete the referenced record 2. Check dependent areas (e.g., Reports filter options) for orphaned references | G16: A referenced state/sector record | H16: Dependent areas update correctly with no broken/orphaned references | I16: Medium | J16: High | K16: Data Integrity | L16: N | M16: Executed | N16: Fail

Sheet AL - Admin - Audit Log
A1: Test Case ID | B1: Module | C1: Feature / Component | D1: Test Scenario | E1: Preconditions | F1: Test Steps | G1: Test Data | H1: Expected Result | I1: Priority | J1: Severity | K1: Test Type | L1: Automation Candidate | M1: Status | N1: Actual Result | O1: Comments
A2: AL-01 | B2: Admin - Audit Log | C2: CREATE Logging | D2: Verify a CREATE action is logged correctly | E2: Admin logged in | F2: 1. Create a new record in any module 2. Open the Audit Log viewer | G2: A new record | H2: An entry with action=CREATE, correct table_name, record_id and new_data is present | I2: High | J2: Medium | K2: Data Integrity | L2: Y | M2: Executed | N2: Pass
A3: AL-02 | B3: Admin - Audit Log | C3: UPDATE Logging | D3: Verify an UPDATE action captures old and new data correctly | E3: An existing record | F3: 1. Edit an existing record's field(s) 2. Open the Audit Log viewer | G3: Before/after field values | H3: An entry with action=UPDATE captures accurate old_data and new_data | I3: High | J3: Medium | K3: Data Integrity | L3: Y | M3: Executed | N3: Pass
A4: AL-03 | B4: Admin - Audit Log | C4: DELETE Logging | D4: Verify a DELETE action captures the deleted record's prior state | E4: A disposable record | F4: 1. Delete a record 2. Open the Audit Log viewer | G4: A disposable record | H4: An entry with action=DELETE captures the correct old_data | I4: High | J4: Medium | K4: Data Integrity | L4: Y | M4: Executed | N4: Pass
A5: AL-04 | B5: Admin - Audit Log | C5: LOGIN Logging | D5: Verify a LOGIN action is recorded | E5: N/A | F5: 1. Log in as admin 2. Open the Audit Log viewer | G5: N/A | H5: A LOGIN entry is recorded with the correct username/timestamp | I5: Medium | J5: Low | K5: Data Integrity | L5: N | M5: Executed | N5: Pass
A6: AL-05 | B6: Admin - Audit Log | C6: IP Address Capture | D6: Verify the ip_address field is populated correctly | E6: Any logged action | F6: 1. Perform any CRUD/login action 2. Inspect the corresponding audit entry's ip_address field | G6: N/A | H6: ip_address is populated with the correct client IP | I6: Low | J6: Low | K6: Data Integrity | L6: N | M6: Executed | N6: Pass
A7: AL-06 | B7: Admin - Audit Log | C7: Audit Log Viewer Filtering | D7: Verify the audit-log viewer filters/sorts entries correctly | E7: Multiple audit entries exist | F7: 1. Filter by date range, action type and table 2. Sort by timestamp | G7: N/A | H7: Filtering and sorting return accurate, correctly ordered results | I7: Medium | J7: Medium | K7: Functional | L7: Y | M7: Executed | N7: Pass
A8: AL-07 | B8: Admin - Audit Log | C8: Audit Log Immutability | D8: Verify audit log entries cannot be edited or deleted via the UI | E8: Audit entries exist | F8: 1. Attempt to locate an edit/delete control for an audit log entry in the UI | G8: N/A | H8: No UI mechanism exists to edit or delete audit log entries (append-only) | I8: Medium | J8: High | K8: Security | L8: N | M8: Executed | N8: Pass
A9: AL-08 | B9: Admin - Audit Log | C9: Audit Log Performance | D9: Verify the audit log viewer performs well as entries accumulate | E9: A large number of audit entries exist | F9: 1. Load the audit log viewer with a large entry count 2. Measure load time and pagination responsiveness | G9: N/A | H9: Viewer remains responsive within an acceptable baseline as entries grow | I9: Low | J9: Low | K9: Performance | L9: N | M9: Executed | N9: Pass
A10: AL-09 | B10: Admin - Audit Log | C10: Export CSV | D10: Verify that the audit log can be exported successfully as a CSV file. | E10: Admin user is logged in, and audit log records are available. | F10: 1. Navigate to the Admin Audit Log page. 2. Click the Export CSV button. 3. Verify that the CSV file is downloaded. 4. Open the downloaded file and validate the contents. | G10: N/A | H10: The CSV file downloads successfully and contains the correct audit log data with properly formatted column headers and records. | I10: High | J10: Medium | K10: Functional | L10: Y | M10: Executed | N10: Fail | O10: When attempting to access or export the audit log CSV, the application returns an {"error":"Unauthorized"} response instead of downloading the CSV file. The export functionality is not working as expected.

Sheet AN - Admin - New Sections
A1: Test Case ID | B1: Module | C1: Feature / Component | D1: Test Scenario | E1: Preconditions | F1: Test Steps | G1: Test Data | H1: Expected Result | I1: Priority | J1: Severity | K1: Test Type | L1: Automation Candidate | M1: Status | N1: Actual Result | O1: Comments
A2: AN-01 | B2: Admin - New Sections | C2: Home Page – Banner Order & Active Flag | D2: Verify banner order and active status control the public carousel | E2: Admin logged in at /admin/login with access to this section | F2: 1. Change banner display order 2. Set one banner Inactive 3. Reload the public home page | G2: Existing banners | H2: Carousel follows the new order and the inactive banner is hidden | I2: High | J2: Medium | K2: Data Integrity | L2: N | M2: Pass
A3: AN-02 | B3: Admin - New Sections | C3: Home Page – Statistics Validation | D3: Verify statistics accept only valid numbers | E3: Admin logged in at /admin/login with access to this section | F3: 1. Edit a statistic 2. Enter text, a negative number and a valid number | G3: abc', -5, 1250 | H3: Text and negative values are rejected; the valid value saves and shows on the public home stats | I3: Medium | J3: Medium | K3: Functional | L3: Y | M3: Pass
A4: AN-03 | B4: Admin - New Sections | C4: Home Page – Who We Are / CAG Message Publish | D4: Verify Who We Are and CAG Message edits reflect on the public home page in both languages | E4: Admin logged in at /admin/login with access to this section | F4: 1. Edit Who We Are and CAG Message text (EN and HI) 2. Save 3. Reload /en and /hi home pages | G4: Updated EN/HI text | H4: Both sections show the updated text in each language | I4: High | J4: Medium | K4: Data Integrity | L4: N | M4: Pass
A5: AN-04 | B5: Admin - New Sections | C5: Home Page – Quick Link Cards Publish | D5: Verify a new Quick Link Card appears and links correctly on the home page | E5: Admin logged in at /admin/login with access to this section | F5: 1. Add a Quick Link Card with title, icon and URL 2. Reload the public home page and click it | G5: New card | H5: Card appears in the configured position and opens the correct URL | I5: Medium | J5: Medium | K5: Data Integrity | L5: N | M5: Pass
A6: AN-05 | B6: Admin - New Sections | C6: Our Presence – State & Central Office CRUD | D6: Verify office records can be managed under State (A&E, Audit) and Central (Defence, Railway, Other Ministries, Overseas) | E6: Admin logged in at /admin/login with access to this section | F6: 1. For each Our Presence sub-section create, edit and delete a test office | G6: Test office per sub-section | H6: CRUD works in every sub-section; changes are logged in the Audit Log | I6: High | J6: Medium | K6: Functional | L6: Y | M6: Pass
A7: AN-06 | B7: Admin - New Sections | C7: Our Presence – Changes Reflect Publicly | D7: Verify an office edit updates the public listing and the office subsite | E7: Admin logged in at /admin/login with access to this section | F7: 1. Edit a State A&E office's address 2. Check Our Presence listing and the office's subsite | G7: New address | H7: Both the listing and subsite show the new address | I7: High | J7: Medium | K7: Data Integrity | L7: N | M7: Pass
A8: AN-07 | B8: Admin - New Sections | C8: Visual Editor – Create Page | D8: Verify a page built with the visual editor renders identically on the public site | E8: Admin logged in at /admin/login with access to this section | F8: 1. Open Pages & CMS > New page 2. Add heading, paragraph, image, table and link blocks 3. Save and publish 4. Open the public page | G8: Sample blocks | H8: Public page matches the editor content and layout | I8: High | J8: Medium | K8: Functional | L8: N | M8: Pass
A9: AN-08 | B9: Admin - New Sections | C9: Visual Editor – Preview | D9: Verify preview matches the final output and changes stay unpublished until saved | E9: Admin logged in at /admin/login with access to this section | F9: 1. Edit an existing page 2. Click Preview 3. Close without saving and open the public page | G9: Existing page | H9: Preview matches the edit; the public page is unchanged until saved | I9: High | J9: Medium | K9: Functional | L9: N | M9: Pass
A10: AN-09 | B10: Admin - New Sections | C10: Visual Editor – Mode Switch | D10: Verify switching between visual and source/HTML mode keeps content intact | E10: Admin logged in at /admin/login with access to this section | F10: 1. Format content in visual mode 2. Switch to source mode and back twice 3. Save | G10: Mixed formatting | H10: No content loss or formatting corruption | I10: Medium | J10: Medium | K10: Functional | L10: N | M10: Pass
A11: AN-10 | B11: Admin - New Sections | C11: Visual Editor – Unsaved Changes Warning | D11: Verify the editor warns before leaving with unsaved changes | E11: Admin logged in at /admin/login with access to this section | F11: 1. Edit a page 2. Click another sidebar item without saving | G11: N/A | H11: A warning appears and the user can stay or discard | I11: Medium | J11: Low | K11: Functional | L11: N | M11: Pass
A12: AN-11 | B12: Admin - New Sections | C12: Visual Editor – Duplicate Slug | D12: Verify a page cannot be saved with a slug already in use | E12: Admin logged in at /admin/login with access to this section | F12: 1. Create a page using an existing page's slug 2. Save | G12: Existing slug | H12: Validation error shown; the existing page is not overwritten | I12: Medium | J12: High | K12: Functional | L12: Y | M12: Pass
A13: AN-12 | B13: Admin - New Sections | C13: About Us – All Sections Registry | D13: Verify hiding a section in the registry removes it from public index pages and menu | E13: Admin logged in at /admin/login with access to this section | F13: 1. Hide a section in About Us > All Sections Registry 2. Reload the public index page and menu 3. Open the section's direct URL | G13: One section | H13: Section disappears from index and menu; direct URL behaves per agreed rule (404 or hidden) | I13: Medium | J13: Medium | K13: Data Integrity | L13: N | M13: Pass
... A35: AN-34 | B35: Admin - New Sections | C35: Users – Password Storage | D35: Verify passwords are stored hashed | E35: Database read access | F35: 1. Inspect the admin users table | G35: N/A | H35: Passwords are hashed (e.g. bcrypt); never plain text | I35: High | J35: Critical | K35: Security | L35: N | M35: Pass

Sheet NF - Non-Functional
A1: Test Case ID | B1: Module | C1: Feature / Component | D1: Test Scenario | E1: Preconditions | F1: Test Steps | G1: Test Data | H1: Expected Result | I1: Priority | J1: Severity | K1: Test Type | L1: Automation Candidate | M1: Status | N1: Actual Result | O1: Comments
A2: NF-01 | B2: Non-Functional | C2: Admin Routes Require Auth | D2: Verify all /api/admin/* endpoints reject unauthenticated requests | E2: No valid token | F2: 1. Send requests to a sample of /api/admin/* endpoints without a token | G2: N/A | H2: All sampled endpoints return 401/403 without a valid token | I2: High | J2: High | K2: Security | L2: Y | M2: Executed | N2: Failed | O2: The configured admin API endpoint returned HTTP 404. The correct endpoint must be verified before authentication enforcement can be evaluated.
A3: NF-02 | B3: Non-Functional | C3: Sensitive Config Not Exposed | D3: Verify DB credentials/config are never exposed to the client | E3: Access to browser bundle and API responses | F3: 1. Inspect the frontend JS bundle and all API responses for DB_HOST/DB_USER/DB_PASSWORD or similar secrets | G3: N/A | H3: No sensitive configuration values are present in client-accessible code or responses | I3: High | J3: Critical | K3: Security | L3: N | M3: Executed | N3: Pass
A4: NF-03 | B4: Non-Functional | C4: Input Sanitization (XSS) | D4: Verify script/HTML injected into a rich-text field is sanitized on render | E4: Admin logged in, a richtext field available | F4: 1. Enter a script/HTML payload (e.g., <script>alert(1)</script>) into a richtext field 2. Save and view the record on the public site | G4: A basic XSS payload | H4: Payload is sanitized/escaped and does not execute in the browser | I4: High | J4: Critical | K4: Security | L4: N | M4: Executed | N4: Partial Pass | O4: Login attempt was rejected. XSS execution was not confirmed
A5: NF-04 | B5: Non-Functional | C5: Server-Side Upload Restriction | D5: Verify upload restrictions are enforced server-side, independent of the UI | E5: API access available | F5: 1. Bypass the UI and call the upload API directly with a disallowed file type/oversized file | G5: A disallowed file via direct API call | H5: The API enforces the restriction; it is not solely a client-side check | I5: High | J5: High | K5: Security | L5: N | M5: Executed | N5: Pass
A6: NF-05 | B6: Non-Functional | C6: Transport Security | D6: Verify whether the deployed environment enforces HTTPS | E6: Access to the deployed URL | F6: 1. Inspect the protocol used to access http://13.202.245.81:3000/ 2. Attempt to identify an HTTPS equivalent, if any | G6: N/A | H6: If the environment is plain HTTP in production, log as a finding recommending TLS before go-live | I6: Medium | J6: High | K6: Security | L6: N | M6: Executed | N6: Failed | O6: Main application origin uses unencrypted HTTP. Confirm the approved HTTPS endpoint and HTTP-to-HTTPS redirect behavior with the development team.
A7: NF-06 | B7: Non-Functional | C7: Reports Endpoint Response Time | D7: Measure /api/reports response time against the large dataset | E7: Full seed dataset loaded | F7: 1. Send GET /api/reports at default and maximum page sizes 2. Measure response time for each | G7: pageSize=9 and pageSize=100 | H7: Response times remain within an agreed baseline (e.g., <2-3s) at both page sizes | I7: High | J7: Medium | K7: Performance | L7: N | M7: Not Executed
A8: NF-07 | B8: Non-Functional | C8: Large Account Dataset Load | D8: Measure load time for state/combined accounts pages | E8: Full seed dataset loaded (~10MB / ~4.7MB source JSON) | F8: 1. Load the State Accounts and Combined Accounts listing pages 2. Measure time to interactive | G8: N/A | H8: Pages become interactive within an agreed baseline despite large source datasets | I8: Medium | J8: Medium | K8: Performance | L8: N | M8: Not Executed
A9: NF-08 | B9: Non-Functional | C9: Concurrent Admin CRUD | D9: Verify concurrent CRUD operations do not corrupt data or audit logs | E9: Two or more admin sessions available | F9: 1. Simultaneously perform CRUD operations on the same/different records from two sessions 2. Inspect resulting data and audit log entries | G9: N/A | H9: No data corruption occurs and audit log entries accurately reflect each operation | I9: Medium | J9: High | K9: Performance | L9: N | M9: Not Executed
A10: NF-09 | B10: Non-Functional | C10: Core Web Vitals | D10: Capture Core Web Vitals for key pages | E10: Access to Lighthouse or equivalent | F10: 1. Run a Lighthouse audit on the Home page and Reports page 2. Record LCP, CLS and INP/FID scores | G10: N/A | H10: Scores meet an agreed baseline (e.g., 'Good' thresholds) or are documented as a follow-up item | I10: Medium | J10: Low | K10: Performance | L10: N | M10: Not Executed
A11: NF-10 | B11: Non-Functional | C11: Keyboard Navigation | D11: Verify all interactive elements are reachable via keyboard alone | E11: Any public page | F11: 1. Navigate the page using only Tab/Shift+Tab/Enter/Space 2. Attempt to reach and operate the menu, forms and pin-map alternative | G11: N/A | H11: All interactive elements are reachable and operable without a mouse, in a logical tab order | I11: Medium | J11: Medium | K11: Accessibility | L11: N | M11: Not Executed
A12: NF-11 | B12: Non-Functional | C12: Colour Contrast | D12: Verify text/background contrast meets WCAG 2.1 AA | E12: Redesigned pages available | F12: 1. Run an automated contrast check (e.g., axe DevTools) across key redesigned pages | G12: N/A | H12: All checked text meets WCAG 2.1 AA minimum contrast ratios | I12: Medium | J12: Medium | K12: Accessibility | L12: Y | M12: Not Executed
A13: NF-12 | B13: Non-Functional | C13: Alt Text | D13: Verify meaningful alt attributes exist for informative images | E13: Pages with images (banners, former CAG photos, icons) | F13: 1. Inspect the alt attribute of each informative image via DevTools or an accessibility scanner | G13: N/A | H13: All informative images have meaningful, descriptive alt text; decorative images are marked appropriately | I13: Medium | J13: Medium | K13: Accessibility | L13: Y | M13: Not Executed
A14: NF-13 | B14: Non-Functional | C14: ARIA / Landmark Structure | D14: Verify semantic landmarks and ARIA labelling support assistive technology | E14: Any public page | F14: 1. Inspect the DOM/accessibility tree for header, nav, main and footer landmarks and ARIA labels | G14: N/A | H14: Semantic landmarks are present and correctly labelled for screen-reader navigation | I14: Medium | J14: Medium | K14: Accessibility | L14: Y | M14: Not Executed
A15: NF-14 | B15: Non-Functional | C15: Cross-Browser Smoke | D15: Verify core journeys work across major browsers | E15: Chrome, Firefox, Edge, Safari available | F15: 1. Execute Home > Reports search > Language toggle > Admin login on each browser | G15: N/A | H15: All core journeys complete successfully with consistent visual rendering on every browser tested | I15: High | J15: Medium | K15: Compatibility | L15: N | M15: Not Executed
A16: NF-15 | B16: Non-Functional | C16: Database Fallback | D16: Verify automatic SQLite fallback when PostgreSQL is unreachable | E16: Ability to simulate PostgreSQL outage | F16: 1. Block/stop the PostgreSQL connection 2. Exercise core read/write flows on the site | G16: N/A | H16: Application automatically falls back to SQLite (or documented mock data) without user-facing errors or downtime | I16: Medium | J16: High | K16: Data Integrity | L16: N | M16: Not Executed
A17: NF-16 | B17: Non-Functional | C17: Dual Mount Stability Under Load | D17: Verify /api and /api/v1 remain consistent under load | E17: A load-testing tool available (e.g., k6/JMeter) | F17: 1. Apply a moderate concurrent load to both /api/reports and /api/v1/reports 2. Compare response consistency and error rates | G17: N/A | H17: Both mounts remain stable and consistent with comparable error rates under the same load | I17: Low | J17: Medium | K17: Performance | L17: N | M17: Not Executed

Sheet FP - Figma Design Parity
A1: Test Case ID | B1: Module | C1: Feature / Component | D1: Test Scenario | E1: Preconditions | F1: Test Steps | G1: Test Data | H1: Expected Result | I1: Priority | J1: Severity | K1: Test Type | L1: Automation Candidate | M1: Status | N1: Actual Result | O1: Comments
A2: FP-01 | B2: Figma Design Parity | C2: Home Page - Banners | D2: Verify the Home Page > Banners admin screen matches the Figma design exactly | E2: Admin logged in | F2: 1. Navigate to Main CAG Website > Home Page > Banners 2. Compare the Search & Filter fields (Search For, Websites, Status), the Banner table columns (ID, Image, Title, Subtitle, Status, Actions) and the "+ Add New" button against the Figma frame | G2: Figma Home Page > Banners frame | H2: Layout, fields, columns and controls match Figma exactly; any deviation is logged as a design-parity defect | I2: High | J2: Medium | K2: Design Parity | L2: N | M2: Pass
A3: FP-02 | B3: Figma Design Parity | C3: Home Page - Quick Link Cards | D3: Verify the Home Page > Quick Link Cards admin screen exists and follows the Figma list/CRUD pattern | E3: Admin logged in | F3: 1. Navigate to Main CAG Website > Home Page > Quick Link Cards 2. Compare against the Figma frame for this sub-section | G3: Figma Home Page > Quick Link Cards frame | H3: Screen exists, matches the standard Search & Filter / table / Add New / pagination pattern, and its fields match Figma | I3: Medium | J3: Medium | K3: Design Parity | L3: N | M3: Not Executed
A4: FP-03 | B4: Figma Design Parity | C4: Home Page - Who We Are | D4: Verify the Home Page > Who We Are admin screen exists and follows the Figma list/CRUD pattern | E4: Admin logged in | F4: 1. Navigate to Main CAG Website > Home Page > Who We Are 2. Compare against the Figma frame for this sub-section | G4: Figma Home Page > Who We Are frame | H4: Screen exists and matches the Figma design for this sub-section | I4: Medium | J4: Medium | K4: Design Parity | L4: N | M4: Not Executed
A5: FP-04 | B5: Figma Design Parity | C5: Home Page - Statistics | D5: Verify the Home Page > Statistics admin screen exists and follows the Figma list/CRUD pattern | E5: Admin logged in | F5: 1. Navigate to Main CAG Website > Home Page > Statistics 2. Compare against the Figma frame for this sub-section | G5: Figma Home Page > Statistics frame | H5: Screen exists and matches the Figma design for this sub-section | I5: Medium | J5: Medium | K5: Design Parity | L5: N | M5: Not Executed
A6: FP-05 | B6: Figma Design Parity | C6: Home Page - CAG Message | D6: Verify the Home Page > CAG Message admin screen exists and follows the Figma list/CRUD pattern | E6: Admin logged in | F6: 1. Navigate to Main CAG Website > Home Page > CAG Message 2. Compare against the Figma frame for this sub-section | G6: Figma Home Page > CAG Message frame | H6: Screen exists and matches the Figma design for this sub-section | I6: Medium | J6: Medium | K6: Design Parity | L6: N | M6: Not Executed
A7: FP-06 | B7: Figma Design Parity | C7: Reports - Filter Field-Set | D7: Verify the Reports admin screen exposes exactly the filter fields shown in Figma | E7: Admin logged in | F7: 1. Navigate to Main CAG Website > Reports 2. Verify Search For, Administration Level, Sector, Report Type, Year, State and Status filters are all present 3. Verify Sort By and Rows-per-page controls and the Reset/Search buttons | G7: Figma Reports frame | H7: All filter fields, Sort By, Rows-per-page, Reset and Search are present exactly as designed | I7: High | J7: Medium | K7: Design Parity | L7: N | M7: Pass
A8: FP-07 | B8: Figma Design Parity | C8: Reports - Table & Actions | D8: Verify the Reports admin table columns and row actions match Figma | E8: Admin logged in; at least one report record | F8: 1. Inspect the Reports table header (ID, Title, Language, File Upload, Status, Created, Modified, Actions) 2. Verify the Export and "+ Add New" buttons above the table 3. Verify per-row Edit/Delete icons | G8: Figma Reports frame | H8: Table columns, Export, Add New and row actions all match Figma exactly | I8: High | J8: Medium | K8: Design Parity | L8: N | M8: Pass
A9: FP-08 | B9: Figma Design Parity | C9: Our Presence CMS | D9: Verify the Our Presence admin screen matches its Figma frame | E9: Admin logged in | F9: 1. Navigate to Main CAG Website > Our Presence 2. Compare layout and fields against the Figma frame | G9: Figma Our Presence frame | H9: Screen matches Figma, or is confirmed not-yet-shipped and logged as a tracked build gap rather than a defect | I9: Medium | J9: Medium | K9: Design Parity | L9: N
A10: FP-09 | B10: Figma Design Parity | C10: Global Relations CMS | D10: Verify the Global Relations admin screen matches its Figma frame | E10: Admin logged in | F10: 1. Navigate to Main CAG Website > Global Relations 2. Compare layout and fields against the Figma frame | G10: Figma Global Relations frame | H10: Screen matches Figma, or is confirmed not-yet-shipped and logged as a tracked build gap rather than a defect | I10: Medium | J10: Medium | K10: Design Parity | L10: N | M10: Not Executed
A11: FP-10 | B11: Figma Design Parity | C11: Resources CMS | D11: Verify the Resources admin screen matches its Figma frame | E11: Admin logged in | F11: 1. Navigate to Main CAG Website > Resources 2. Compare layout and fields against the Figma frame | G11: Figma Resources frame | H11: Screen matches Figma, or is confirmed not-yet-shipped and logged as a tracked build gap rather than a defect | I11: Medium | J11: Medium | K11: Design Parity | L11: N | M11: Pass
A12: FP-11 | B12: Figma Design Parity | C12: Careers & Engagement CMS | D12: Verify the Careers & Engagement admin screen matches its Figma frame | E12: Admin logged in | F12: 1. Navigate to Main CAG Website > Careers & Engagement 2. Compare layout and fields against the Figma frame | G12: Figma Careers & Engagement frame | H12: Screen matches Figma, or is confirmed not-yet-shipped and logged as a tracked build gap rather than a defect | I12: Medium | J12: Medium | K12: Design Parity | L12: N | M12: Fail
A13: FP-12 | B13: Figma Design Parity | C13: About Us CMS | D13: Verify the About Us admin screen matches its Figma frame | E13: Admin logged in | F13: 1. Navigate to Main CAG Website > About Us 2. Compare layout and fields against the Figma frame | G13: Figma About Us frame | H13: Screen matches Figma, or is confirmed not-yet-shipped and logged as a tracked build gap rather than a defect | I13: Medium | J13: Medium | K13: Design Parity | L13: N | M13: Pass
A14: FP-13 | B14: Figma Design Parity | C14: News & Media CMS | D14: Verify the News & Media admin screen matches its Figma frame | E14: Admin logged in | F14: 1. Navigate to Main CAG Website > News & Media 2. Compare layout and fields against the Figma frame | G14: Figma News & Media frame | H14: Screen matches Figma, or is confirmed not-yet-shipped and logged as a tracked build gap rather than a defect | I14: Medium | J14: Medium | K14: Design Parity | L14: N | M14: Not Executed
A15: FP-14 | B15: Figma Design Parity | C15: Contact CMS | D15: Verify the Contact admin screen matches its Figma frame and reconcile with the Dashboard's Pending Complaints KPI | E15: Admin logged in | F15: 1. Navigate to Main CAG Website > Contact 2. Compare layout and fields against the Figma frame 3. Cross-check any complaints/messages listed here against the Dashboard's Pending Complaints count | G15: Figma Contact frame | H15: Screen matches Figma; complaint/message counts reconcile with the Dashboard KPI | I15: Medium | J15: Medium | K15: Design Parity | L15: N | M15: Not Executed
A16: FP-15 | B16: Figma Design Parity | C16: Menu Management | D16: Verify the Menu Management admin screen matches Figma and changes reflect on the public site | E16: Admin logged in | F16: 1. Navigate to Menu Management 2. Compare layout against the Figma frame 3. Create/reorder a menu item and check the public site navigation | G16: Figma Menu Management frame | H16: Screen matches Figma; menu changes are reflected correctly in the public site's navigation | I16: Medium | J16: Medium | K16: Design Parity | L16: N | M16: Not Executed
A17: FP-16 | B17: Figma Design Parity | C17: User Management / Administration | D17: Verify the User Management / Administration admin screen matches its Figma frame | E17: Admin logged in with user-management access | F17: 1. Navigate to User Management / Administration 2. Compare layout and fields against the Figma frame | G17: Figma User Management / Administration frame | H17: Screen matches Figma, or is confirmed not-yet-shipped and logged as a tracked build gap rather than a defect | I17: Medium | J17: Medium | K17: Design Parity | L17: N | M17: Not Executed
A18: FP-17 | B18: Figma Design Parity | C18: Sidebar Taxonomy Consistency | D18: Verify the full sidebar nav taxonomy is identical across every admin screen | E18: Admin logged in | F18: 1. Open each top-level admin screen in turn 2. Verify the sidebar always shows: Main CAG Website (Home Page, Reports, Our Presence, Global Relations, Resources, Careers & Engagement, About Us, News & Media, Contact), Menu Management, User Management/Administration, in the same order | G18: Figma sidebar taxonomy | H18: Sidebar grouping and order is identical on every screen; the current screen is always correctly highlighted | I18: High | J18: Medium | K18: Design Parity | L18: Y | M18: Pass
A19: FP-18 | B19: Figma Design Parity | C19: Top Bar Consistency | D19: Verify the language selector and admin profile control are consistent across every admin screen | E19: Admin logged in | F19: 1. Open each top-level admin screen in turn 2. Verify the top-right language selector and admin name/avatar are present and styled consistently | G19: Figma top bar design | H19: Top bar is visually and functionally consistent across every admin screen | I19: Low | J19: Low | K19: Design Parity | L19: Y | M19: Pass
A20: FP-19 | B20: Figma Design Parity | C20: Status Badge Consistency | D20: Verify Active/Inactive status badges use consistent colours across every module list screen | E20: Records with both statuses exist in at least 3 modules | F20: 1. Open the list screen for at least 3 different modules 2. Verify Active renders green and Inactive renders red in every case | G20: Records with Active and Inactive status | H20: Colour coding is consistent with Figma (green = Active, red = Inactive) across every module checked | I20: Medium | J20: Low | K20: Design Parity | L20: Y | M20: Not Executed
